Workbook

Sheet Main
B2: Eingabe | E2: A - Ausgabe VTP | H2: Eingabe Alle auf | K2: B - Ausgabe VTP | N2: Eingabe 2.TG Umbau | Q2: C - Ausgabe VTP
B3: Vorgabe Produktion | C3: 58 | D3: t/h | E3: q Benötigt | F3: =C30/3.6/1000000 -> 26.629189 | G3: MW | H3: Vorgabe Produktion | I3: =C3*L4/F4 -> 65.770417 | J3: t/h | K3: q Benötigt | L3: =I30/3.6/1000000 -> 30.196774 | M3: MW | N3: Vorgabe Produktion | O3: =C3*R4/F4 -> 60.33877 | P3: t/h | Q3: q Benötigt | R3: =O30/3.6/1000000 -> 27.702975 | S3: MW
B4: Feuchte SS | C4: 9.2 | D4: % | E4: q Verfügbar | F4: ='A - 32,36,38,41 geschlossen'!AJ14 -> 26.631339 | G4: MW | H4: Feuchte SS | I4: =C4 -> 9.2 | J4: % | K4: q Verfügbar | L4: ='B - Alle auf'!AJ14 -> 30.199212 | M4: MW | N4: Feuchte SS | O4: =C4 -> 9.2 | P4: % | Q4: q Verfügbar | R4: ='C - 2.TG Umbau'!AG14 -> 27.705211 | S4: MW
B5: Einlauf TG | C5: 51 | D5: % | E5: q Diff | F5: =F4-F3 -> 0.0021496634 | G5: MW | H5: Einlauf TG | I5: =C5 -> 51 | J5: % | K5: q Diff | L5: =L4-L3 -> 0.0024376597 | M5: MW | N5: Einlauf TG | O5: =C5 -> 51 | P5: % | Q5: q Diff | R5: =R4-R3 -> 0.0022363457 | S5: MW
B6: Flg | C6: 125 | D6: g/m² | H6: Flg | I6: =C6 -> 125 | J6: g/m² | K6: Produktion | L6: =I3 -> 65.770417 | M6: t/h | N6: Flg | O6: =C6 -> 125 | P6: g/m² | Q6: Produktion | R6: =O3 -> 60.33877 | S6: t/h
B7: Stärkeauftrag | C7: 7.7 | D7: g/m² | H7: Stärkeauftrag | I7: =C7 -> 7.7 | J7: g/m² | N7: Stärkeauftrag | O7: =C7 -> 7.7 | P7: g/m²
B8: Druck 2.HG | C8: =C9-0.6 -> 2.5 | D8: bar
B9: Druck 3.HG | C9: =C10-0.6 -> 3.1 | D9: bar | E9: ProdDiff zu B | F9: =C3-I3 -> -7.7704168 | G9: t/h | K9: ProdDiff zu A | L9: =I3-C3 -> 7.7704168 | M9: t/h | Q9: ProdDiff zu A | R9: =O3-C3 -> 2.3387703 | S9: t/h
B10: Druck 4. HG | C10: =C11-0.6 -> 3.7 | D10: bar | E10: ProdDiff zu C | F10: =C3-O3 -> -2.3387703 | G10: t/h | K10: ProdDiff zu C | L10: =I3-O3 -> 5.4316464 | M10: t/h | Q10: ProdDiff zu B | R10: =O3-I3 -> -5.4316464 | S10: t/h
B11: Druck 5. HG | C11: 4.3 | D11: bar | E11: v PM | F11: =C20 -> 1017.5439 | G11: m/min | K11: v PM | L11: =I20 -> 1153.867 | M11: m/min | Q11: v PM | R11: =O20 -> 1058.5749 | S11: m/min
B12: Schocktrocknung | C12: =G14 -> 0 | D12: y/n | E12: Verdampft. H2O | F12: =C29 -> 42474.56 | G12: kg/h | H12: Schocktrocknung | I12: =C12 -> 0 | J12: y/n | K12: Verdampft. H2O | L12: =I29 -> 48164.992 | M12: kg/h | N12: Schocktrocknung | O12: =C12 -> 0 | P12: y/n | Q12: Verdampft. H2O | R12: =O29 -> 44187.288 | S12: kg/h
B14: Schocktrocknung | G14: 0 | R14: 0 = Aus / 1 = Ein
B17: Berechnung | H17: Berechnung | N17: Berechnung
B18: Prod/h | C18: =C3*1000 -> 58000 | D18: kg/h | H18: Prod/h | I18: =I3*1000 -> 65770.417 | J18: kg/h | N18: Prod/h | O18: =O3*1000 -> 60338.77 | P18: kg/h
B19: Prod ohne | C19: =C18/C6*(C6-C7) -> 54427.2 | D19: kg/h | H19: Prod ohne | I19: =I18/I6*(I6-I7) -> 61718.959 | J19: kg/h | N19: Prod ohne | O19: =O18/O6*(O6-O7) -> 56621.902 | P19: kg/h
B20: v Prod | C20: =C18/C37/C6/C38*1000 -> 1017.5439 | D20: m/min | H20: v Prod | I20: =I18/I37/I6/I38*1000 -> 1153.867 | J20: m/min | N20: v Prod | O20: =O18/O37/O6/O38*1000 -> 1058.5749 | P20: m/min
B21: Prod/d | C21: =C3*24 -> 1392 | D21: t/d | H21: Prod/d | I21: =I3*24 -> 1578.49 | J21: t/d | N21: Prod/d | O21: =O3*24 -> 1448.1305 | P21: t/d
B22: TG | C22: =C36-C4 -> 90.8 | D22: % | H22: TG | I22: =I36-I4 -> 90.8 | J22: % | N22: TG | O22: =O36-O4 -> 90.8 | P22: %
B23: Gesamt | H23: Gesamt | N23: Gesamt
B24: Prod/h atro | C24: =C18*C22/C36 -> 52664 | D24: kg/h | H24: Prod/h atro | I24: =I18*I22/I36 -> 59719.538 | J24: kg/h | N24: Prod/h atro | O24: =O18*O22/O36 -> 54787.603 | P24: kg/h
B25: Verd. H2O | C25: =C24*C36/C5-C24-(C18-C24) -> 45262.745 | D25: kg/h | H25: Verd. H2O | I25: =I24*I36/I5-I24-(I18-I24) -> 51326.717 | J25: kg/h | N25: Verd. H2O | O25: =O24*O36/O5-O24-(O18-O24) -> 47087.903 | P25: kg/h
B26: Benötigte q | C26: =C25*C39 -> 1.0215802e+08 | D26: kJ/h | H26: Benötigte q | I26: =I25*I39 -> 1.158444e+08 | J26: kJ/h | N26: Benötigte q | O26: =O25*O39 -> 1.062774e+08 | P26: kJ/h
B27: VTP | H27: VTP | N27: VTP
B28: Prod/h atro | C28: =C19*C22/C36 -> 49419.898 | D28: kg/h | H28: Prod/h atro | I28: =I19*I22/I36 -> 56040.815 | J28: kg/h | N28: Prod/h atro | O28: =O19*O22/O36 -> 51412.687 | P28: kg/h
B29: Verd. H2O | C29: =C28*C36/C5-C28-(C19-C28) -> 42474.56 | D29: kg/h | H29: Verd. H2O | I29: =I28*I36/I5-I28-(I19-I28) -> 48164.992 | J29: kg/h | N29: Verd. H2O | O29: =O28*O36/O5-O28-(O19-O28) -> 44187.288 | P29: kg/h
B30: Benötigte q | C30: =C29*C39 -> 95865082 | D30: kJ/h | H30: Benötigte q | I30: =I29*I39 -> 1.0870839e+08 | J30: kJ/h | N30: Benötigte q | O30: =O29*O39 -> 99730710 | P30: kJ/h
B35: Fix | H35: Fix | N35: Fix
B36: % | C36: 100 | D36: % | H36: % | I36: 100 | J36: % | N36: % | O36: 100 | P36: %
B37: Bahnbreit | C37: 7.6 | D37: m | H37: Bahnbreit | I37: 7.6 | J37: m | N37: Bahnbreit | O37: 7.6 | P37: m
B38: t | C38: 60 | D38: s min h | H38: t | I38: 60 | J38: s min h | N38: t | O38: 60 | P38: s min h
B39: Verdampfungsw'rme | C39: 2257 | D39: kJ/kg | H39: Verdampfungsw'rme | I39: 2257 | J39: kJ/kg | N39: Verdampfungsw'rme | O39: 2257 | P39: kJ/kg
B40: Eingabe | C40: Eingabe

Sheet A - 32,36,38,41 geschlossen
A1: VTP
B2: Einheit
A3: Zylinder | B3: - | C3: 1 | D3: 3 | E3: 5 | F3: 7 | G3: 9 | H3: 11 | I3: 13 | J3: 15 | K3: 17 | L3: 18 | M3: 19 | N3: 20 | O3: 21 | P3: 22 | Q3: 23 | R3: 24 | S3: 25 | T3: 26 | U3: 27 | V3: 28 | W3: 29 | X3: 30 | Y3: 31 | Z3: 32 | AA3: 33 | AB3: 34 | AC3: 35 | AD3: 36 | AE3: 37 | AF3: 38 | AG3: 39 | AH3: 40 | AI3: 41 | AJ3: =COUNT(C3:AI3) -> 33 | AK3: Zylinder
A4: Durchmesser | B4: m | C4: 1.51 | D4: 1.82 | E4: 1.82 | F4: 1.82 | G4: 1.82 | H4: 1.82 | I4: 1.82 | J4: 1.82 | K4: 1.82 | L4: 1.82 | M4: 1.82 | N4: 1.82 | O4: 1.82 | P4: 1.82 | Q4: 1.82 | R4: 1.82 | S4: 1.82 | T4: 1.82 | U4: 1.82 | V4: 1.82 | W4: 1.82 | X4: 1.82 | Y4: 1.82 | Z4: 1.82 | AA4: 1.82 | AB4: 1.82 | AC4: 1.82 | AD4: 1.82 | AE4: 1.82 | AF4: 1.82 | AG4: 1.82 | AH4: 1.82 | AI4: 1.82
A5: Umschlingung | B5: % | C5: 80 | D5: 80 | E5: 80 | F5: 80 | G5: 80 | H5: 80 | I5: 80 | J5: 80 | K5: 80 | L5: 80 | M5: 80 | N5: 80 | O5: 80 | P5: 80 | Q5: 80 | R5: 80 | S5: 80 | T5: 80 | U5: 80 | V5: 80 | W5: 80 | X5: 80 | Y5: 80 | Z5: 0 | AA5: 80 | AB5: 80 | AC5: 80 | AD5: 0 | AE5: 80 | AF5: 0 | AG5: 80 | AH5: 80 | AI5: 0 | AJ5: 4 | AK5: =AJ3-AJ5 -> 29
A6: Mantel | B6: m² | C6: =2*PI()*7.6*(C4/2) -> 36.052917 | D6: =2*PI()*7.6*(D4/2) -> 43.45451 | E6: =2*PI()*7.6*(E4/2) -> 43.45451 | F6: =2*PI()*7.6*(F4/2) -> 43.45451 | G6: =2*PI()*7.6*(G4/2) -> 43.45451 | H6: =2*PI()*7.6*(H4/2) -> 43.45451 | I6: =2*PI()*7.6*(I4/2) -> 43.45451 | J6: =2*PI()*7.6*(J4/2) -> 43.45451 | ... AI6: =2*PI()*7.6*(AI4/2) -> 43.45451
A7: Mantel mit Um | B7: m² | C7: =C6*C5/100 -> 28.842334 | D7: =D6*D5/100 -> 34.763608 | E7: =E6*E5/100 -> 34.763608 | F7: =F6*F5/100 -> 34.763608 | G7: =G6*G5/100 -> 34.763608 | H7: =H6*H5/100 -> 34.763608 | I7: =I6*I5/100 -> 34.763608 | J7: =J6*J5/100 -> 34.763608 | ... AI7: =AI6*AI5/100 -> 0 | AJ7: =SUM(C7:AI7) -> 1002.2233 | AK7: m²
A8: Druck | B8: bar(ü) | C8: {=_xlfn.IFS(Main!C12=0,'A - 32,36,38,41 geschlossen'!C15,Main!C12=1,'A - 32,36,38,41 geschlossen'!C16)} -> 2.3 | D8: {=_xlfn.IFS(Main!C12=0,'A - 32,36,38,41 geschlossen'!D15,Main!C12=1,'A - 32,36,38,41 geschlossen'!D16)} -> 2.5 | E8: {=_xlfn.IFS(Main!C12=0,'A - 32,36,38,41 geschlossen'!E15,Main!C12=1,'A - 32,36,38,41 geschlossen'!E16)} -> 2.7 | F8: {=_xlfn.IFS(Main!C12=0,'A - 32,36,38,41 geschlossen'!F15,Main!C12=1,'A - 32,36,38,41 geschlossen'!F16)} -> 3.5 | G8: =Main!C8 -> 2.5 | H8: =Main!C8 -> 2.5 | I8: =Main!C9 -> 3.1 | J8: =I8 -> 3.1 | K8: =I8 -> 3.1 | L8: 3.5 | M8: =Main!C10 -> 3.7 | N8: =M8 -> 3.7 | O8: =M8 -> 3.7 | P8: =M8 -> 3.7 | Q8: =M8 -> 3.7 | R8: =M8 -> 3.7 | S8: =M8 -> 3.7 | T8: =M8 -> 3.7 | U8: =M8 -> 3.7 | V8: =Main!C11 -> 4.3 | W8: =V8 -> 4.3 | X8: =V8 -> 4.3 | Y8: =V8 -> 4.3 | Z8: =V8 -> 4.3 | AA8: =V8 -> 4.3 | AB8: =V8 -> 4.3 | AC8: =V8 -> 4.3 | AD8: =V8 -> 4.3 | AE8: =V8 -> 4.3 | AF8: =V8 -> 4.3 | AG8: =V8 -> 4.3 | AH8: =V8 -> 4.3 | AI8: =V8 -> 4.3
A9: Sattdampf Temp | B9: °C | C9: =_xlfn.XLOOKUP(C8,Sattdampft!A2:A20,Sattdampft!B2:B20,,-1) -> 132.8 | D9: =_xlfn.XLOOKUP(D8,Sattdampft!A2:A20,Sattdampft!B2:B20,,-1) -> 138.1 | E9: =_xlfn.XLOOKUP(E8,Sattdampft!A2:A20,Sattdampft!B2:B20,,-1) -> 138.1 | F9: =_xlfn.XLOOKUP(F8,Sattdampft!A2:A20,Sattdampft!B2:B20,,-1) -> 147.1 | G9: =_xlfn.XLOOKUP(G8,Sattdampft!A2:A20,Sattdampft!B2:B20,,-1) -> 132.8 | H9: =_xlfn.XLOOKUP(H8,Sattdampft!A2:A20,Sattdampft!B2:B20,,-1) -> 132.8 | I9: =_xlfn.XLOOKUP(I8,Sattdampft!A2:A20,Sattdampft!B2:B20,,-1) -> 142.8 | J9: =_xlfn.XLOOKUP(J8,Sattdampft!A2:A20,Sattdampft!B2:B20,,-1) -> 142.8 | K9: =_xlfn.XLOOKUP(K8,Sattdampft!A2:A20,Sattdampft!B2:B20,,-1) -> 142.8 | L9: =_xlfn.XLOOKUP(L8,Sattdampft!A2:A20,Sattdampft!B2:B20,,-1) -> 147.1 | M9: =_xlfn.XLOOKUP(M8,Sattdampft!A2:A20,Sattdampft!B2:B20,,-1) -> 147.1 | N9: =_xlfn.XLOOKUP(N8,Sattdampft!A2:A20,Sattdampft!B2:B20,,-1) -> 147.1 | O9: =_xlfn.XLOOKUP(O8,Sattdampft!A2:A20,Sattdampft!B2:B20,,-1) -> 147.1 | P9: =_xlfn.XLOOKUP(P8,Sattdampft!A2:A20,Sattdampft!B2:B20,,-1) -> 147.1 | Q9: =_xlfn.XLOOKUP(Q8,Sattdampft!A2:A20,Sattdampft!B2:B20,,-1) -> 147.1 | R9: =_xlfn.XLOOKUP(R8,Sattdampft!A2:A20,Sattdampft!B2:B20,,-1) -> 147.1 | S9: =_xlfn.XLOOKUP(S8,Sattdampft!A2:A20,Sattdampft!B2:B20,,-1) -> 147.1 | T9: =_xlfn.XLOOKUP(T8,Sattdampft!A2:A20,Sattdampft!B2:B20,,-1) -> 147.1 | U9: =_xlfn.XLOOKUP(U8,Sattdampft!A2:A20,Sattdampft!B2:B20,,-1) -> 147.1 | V9: =_xlfn.XLOOKUP(V8,Sattdampft!A2:A20,Sattdampft!B2:B20,,-1) -> 150.9 | W9: =_xlfn.XLOOKUP(W8,Sattdampft!A2:A20,Sattdampft!B2:B20,,-1) -> 150.9 | X9: =_xlfn.XLOOKUP(X8,Sattdampft!A2:A20,Sattdampft!B2:B20,,-1) -> 150.9 | Y9: =_xlfn.XLOOKUP(Y8,Sattdampft!A2:A20,Sattdampft!B2:B20,,-1) -> 150.9 | Z9: =_xlfn.XLOOKUP(Z8,Sattdampft!A2:A20,Sattdampft!B2:B20,,-1) -> 150.9 | AA9: =_xlfn.XLOOKUP(AA8,Sattdampft!A2:A20,Sattdampft!B2:B20,,-1) -> 150.9 | AB9: =_xlfn.XLOOKUP(AB8,Sattdampft!A2:A20,Sattdampft!B2:B20,,-1) -> 150.9 | AC9: =_xlfn.XLOOKUP(AC8,Sattdampft!A2:A20,Sattdampft!B2:B20,,-1) -> 150.9 | AD9: =_xlfn.XLOOKUP(AD8,Sattdampft!A2:A20,Sattdampft!B2:B20,,-1) -> 150.9 | AE9: =_xlfn.XLOOKUP(AE8,Sattdampft!A2:A20,Sattdampft!B2:B20,,-1) -> 150.9 | AF9: =_xlfn.XLOOKUP(AF8,Sattdampft!A2:A20,Sattdampft!B2:B20,,-1) -> 150.9 | AG9: =_xlfn.XLOOKUP(AG8,Sattdampft!A2:A20,Sattdampft!B2:B20,,-1) -> 150.9 | AH9: =_xlfn.XLOOKUP(AH8,Sattdampft!A2:A20,Sattdampft!B2:B20,,-1) -> 150.9 | AI9: =_xlfn.XLOOKUP(AI8,Sattdampft!A2:A20,Sattdampft!B2:B20,,-1) -> 150.9
A10: Papier Temperatur | B10: °C | C10: {=_xlfn.IFS(Main!C12=0,'A - 32,36,38,41 geschlossen'!C17,Main!C12=1,'A - 32,36,38,41 geschlossen'!C18)} -> 50 | D10: {=_xlfn.IFS(Main!C12=0,'A - 32,36,38,41 geschlossen'!D17,Main!C12=1,'A - 32,36,38,41 geschlossen'!D18)} -> 55 | E10: {=_xlfn.IFS(Main!C12=0,'A - 32,36,38,41 geschlossen'!E17,Main!C12=1,'A - 32,36,38,41 geschlossen'!E18)} -> 57 | F10: {=_xlfn.IFS(Main!C12=0,'A - 32,36,38,41 geschlossen'!F17,Main!C12=1,'A - 32,36,38,41 geschlossen'!F18)} -> 60 | G10: {=_xlfn.IFS(Main!C12=0,'A - 32,36,38,41 geschlossen'!G17,Main!C12=1,'A - 32,36,38,41 geschlossen'!G18)} -> 80 | H10: {=_xlfn.IFS(Main!C12=0,'A - 32,36,38,41 geschlossen'!H17,Main!C12=1,'A - 32,36,38,41 geschlossen'!H18)} -> 80 | I10: {=_xlfn.IFS(Main!C12=0,'A - 32,36,38,41 geschlossen'!I17,Main!C12=1,'A - 32,36,38,41 geschlossen'!I18)} -> 90 | J10: {=_xlfn.IFS(Main!C12=0,'A - 32,36,38,41 geschlossen'!J17,Main!C12=1,'A - 32,36,38,41 geschlossen'!J18)} -> 90 | K10: {=_xlfn.IFS(Main!C12=0,'A - 32,36,38,41 geschlossen'!K17,Main!C12=1,'A - 32,36,38,41 geschlossen'!K18)} -> 90 | L10: {=_xlfn.IFS(Main!C12=0,'A - 32,36,38,41 geschlossen'!L17,Main!C12=1,'A - 32,36,38,41 geschlossen'!L18)} -> 90 | M10: {=_xlfn.IFS(Main!C12=0,'A - 32,36,38,41 geschlossen'!M17,Main!C12=1,'A - 32,36,38,41 geschlossen'!M18)} -> 95 | N10: {=_xlfn.IFS(Main!C12=0,'A - 32,36,38,41 geschlossen'!N17,Main!C12=1,'A - 32,36,38,41 geschlossen'!N18)} -> 95 | O10: {=_xlfn.IFS(Main!C12=0,'A - 32,36,38,41 geschlossen'!O17,Main!C12=1,'A - 32,36,38,41 geschlossen'!O18)} -> 95 | P10: {=_xlfn.IFS(Main!C12=0,'A - 32,36,38,41 geschlossen'!P17,Main!C12=1,'A - 32,36,38,41 geschlossen'!P18)} -> 95 | Q10: {=_xlfn.IFS(Main!C12=0,'A - 32,36,38,41 geschlossen'!Q17,Main!C12=1,'A - 32,36,38,41 geschlossen'!Q18)} -> 95 | R10: {=_xlfn.IFS(Main!C12=0,'A - 32,36,38,41 geschlossen'!R17,Main!C12=1,'A - 32,36,38,41 geschlossen'!R18)} -> 95 | S10: {=_xlfn.IFS(Main!C12=0,'A - 32,36,38,41 geschlossen'!S17,Main!C12=1,'A - 32,36,38,41 geschlossen'!S18)} -> 95 | T10: {=_xlfn.IFS(Main!C12=0,'A - 32,36,38,41 geschlossen'!T17,Main!C12=1,'A - 32,36,38,41 geschlossen'!T18)} -> 95 | U10: {=_xlfn.IFS(Main!C12=0,'A - 32,36,38,41 geschlossen'!U17,Main!C12=1,'A - 32,36,38,41 geschlossen'!U18)} -> 95 | V10: {=_xlfn.IFS(Main!C12=0,'A - 32,36,38,41 geschlossen'!V17,Main!C12=1,'A - 32,36,38,41 geschlossen'!V18)} -> 95 | W10: {=_xlfn.IFS(Main!C12=0,'A - 32,36,38,41 geschlossen'!W17,Main!C12=1,'A - 32,36,38,41 geschlossen'!W18)} -> 95 | X10: {=_xlfn.IFS(Main!C12=0,'A - 32,36,38,41 geschlossen'!X17,Main!C12=1,'A - 32,36,38,41 geschlossen'!X18)} -> 95 | Y10: {=_xlfn.IFS(Main!C12=0,'A - 32,36,38,41 geschlossen'!Y17,Main!C12=1,'A - 32,36,38,41 geschlossen'!Y18)} -> 95 | Z10: {=_xlfn.IFS(Main!C12=0,'A - 32,36,38,41 geschlossen'!Z17,Main!C12=1,'A - 32,36,38,41 geschlossen'!Z18)} -> 95 | AA10: {=_xlfn.IFS(Main!C12=0,'A - 32,36,38,41 geschlossen'!AA17,Main!C12=1,'A - 32,36,38,41 geschlossen'!AA18)} -> 95 | AB10: {=_xlfn.IFS(Main!C12=0,'A - 32,36,38,41 geschlossen'!AB17,Main!C12=1,'A - 32,36,38,41 geschlossen'!AB18)} -> 95 | AC10: {=_xlfn.IFS(Main!C12=0,'A - 32,36,38,41 geschlossen'!AC17,Main!C12=1,'A - 32,36,38,41 geschlossen'!AC18)} -> 95 | AD10: {=_xlfn.IFS(Main!C12=0,'A - 32,36,38,41 geschlossen'!AD17,Main!C12=1,'A - 32,36,38,41 geschlossen'!AD18)} -> 95 | AE10: {=_xlfn.IFS(Main!C12=0,'A - 32,36,38,41 geschlossen'!AE17,Main!C12=1,'A - 32,36,38,41 geschlossen'!AE18)} -> 95 | AF10: {=_xlfn.IFS(Main!C12=0,'A - 32,36,38,41 geschlossen'!AF17,Main!C12=1,'A - 32,36,38,41 geschlossen'!AF18)} -> 95 | AG10: {=_xlfn.IFS(Main!C12=0,'A - 32,36,38,41 geschlossen'!AG17,Main!C12=1,'A - 32,36,38,41 geschlossen'!AG18)} -> 95 | AH10: {=_xlfn.IFS(Main!C12=0,'A - 32,36,38,41 geschlossen'!AH17,Main!C12=1,'A - 32,36,38,41 geschlossen'!AH18)} -> 95 | AI10: {=_xlfn.IFS(Main!C12=0,'A - 32,36,38,41 geschlossen'!AI17,Main!C12=1,'A - 32,36,38,41 geschlossen'!AI18)} -> 95
A11: D T | B11: °C | C11: =C9-C10 -> 82.8 | D11: =D9-D10 -> 83.1 | E11: =E9-E10 -> 81.1 | F11: =F9-F10 -> 87.1 | G11: =G9-G10 -> 52.8 | H11: =H9-H10 -> 52.8 | I11: =I9-I10 -> 52.8 | J11: =J9-J10 -> 52.8 | ... AI11: =AI9-AI10 -> 55.9
A12: Energieübertragung | B12: W/m²*K | C12: 459 | D12: 459 | E12: 459 | F12: 459 | G12: 459 | H12: 459 | I12: 459 | J12: 459 | K12: 459 | L12: 459 | M12: 459 | N12: 459 | O12: 459 | P12: 459 | Q12: 459 | R12: 459 | S12: 459 | T12: 459 | U12: 459 | V12: 459 | W12: 459 | X12: 459 | Y12: 459 | Z12: 459 | AA12: 459 | AB12: 459 | AC12: 459 | AD12: 459 | AE12: 459 | AF12: 459 | AG12: 459 | AH12: 459 | AI12: 459
B13: W/m² | C13: =C11*C12 -> 38005.2 | D13: =D11*D12 -> 38142.9 | E13: =E11*E12 -> 37224.9 | F13: =F11*F12 -> 39978.9 | G13: =G11*G12 -> 24235.2 | H13: =H11*H12 -> 24235.2 | I13: =I11*I12 -> 24235.2 | J13: =J11*J12 -> 24235.2 | ... AI13: =AI11*AI12 -> 25658.1
A14: q | B14: MW | C14: =C7*C13/1000000 -> 1.0961587 | D14: =D7*D13/1000000 -> 1.3259848 | E14: =E7*E13/1000000 -> 1.2940718 | F14: =F7*F13/1000000 -> 1.3898108 | G14: =G7*G13/1000000 -> 0.84250298 | H14: =H7*H13/1000000 -> 0.84250298 | I14: =I7*I13/1000000 -> 0.84250298 | J14: =J7*J13/1000000 -> 0.84250298 | ... AI14: =AI7*AI13/1000000 -> 0 | AJ14: =SUM(C14:AI14) -> 26.631339 | AK14: MW
B15: n | C15: 2.3 | D15: 2.5 | E15: 2.7 | F15: 3.5
A16: Eingabe | B16: y | C16: 6.5 | D16: 6.5 | E16: 6.5 | F16: =G8-0.5 -> 2
B17: n | C17: 50 | D17: 55 | E17: 57 | F17: 60 | G17: 80 | H17: 80 | I17: 90 | J17: 90 | K17: 90 | L17: 90 | M17: 95 | N17: 95 | O17: 95 | P17: 95 | Q17: 95 | R17: 95 | S17: 95 | T17: 95 | U17: 95 | V17: 95 | W17: 95 | X17: 95 | Y17: 95 | Z17: 95 | AA17: 95 | AB17: 95 | AC17: 95 | AD17: 95 | AE17: 95 | AF17: 95 | AG17: 95 | AH17: 95 | AI17: 95
A18: von Eingabe | B18: y | C18: 65 | D18: 80 | E18: 95 | F18: 80 | G18: 75 | H18: 80 | I18: 80 | J18: 80 | K18: 85 | L18: 85 | M18: 85 | N18: 85 | O18: 85 | P18: 85 | Q18: 85 | R18: 85 | S18: 85 | T18: 85 | U18: 85 | V18: 85 | W18: 95 | X18: 95 | Y18: 95 | Z18: 95 | AA18: 95 | AB18: 95 | AC18: 95 | AD18: 95 | AE18: 95 | AF18: 95 | AG18: 95 | AH18: 95 | AI18: 95
C19: 1 | D19: 3 | E19: 5 | F19: 7 | G19: 9 | H19: 11 | I19: 13 | J19: 15 | K19: 17 | L19: 18 | M19: 19 | N19: 20 | O19: 21 | P19: 22 | Q19: 23 | R19: 24 | S19: 25 | T19: 26 | U19: 27 | V19: 28 | W19: 29 | X19: 30 | Y19: 31 | Z19: 32 | AA19: 33 | AB19: 34 | AC19: 35 | AD19: 36 | AE19: 37 | AF19: 38 | AG19: 39 | AH19: 40 | AI19: 41

Sheet B - Alle auf
A1: VTP
B2: Einheit
A3: Zylinder | B3: - | C3: 1 | D3: 3 | E3: 5 | F3: 7 | G3: 9 | H3: 11 | I3: 13 | J3: 15 | K3: 17 | L3: 18 | M3: 19 | N3: 20 | O3: 21 | P3: 22 | Q3: 23 | R3: 24 | S3: 25 | T3: 26 | U3: 27 | V3: 28 | W3: 29 | X3: 30 | Y3: 31 | Z3: 32 | AA3: 33 | AB3: 34 | AC3: 35 | AD3: 36 | AE3: 37 | AF3: 38 | AG3: 39 | AH3: 40 | AI3: 41 | AJ3: =COUNT(C3:AI3) -> 33 | AK3: Zylinder
A4: Durchmesser | B4: m | C4: 1.51 | D4: 1.82 | E4: 1.82 | F4: 1.82 | G4: 1.82 | H4: 1.82 | I4: 1.82 | J4: 1.82 | K4: 1.82 | L4: 1.82 | M4: 1.82 | N4: 1.82 | O4: 1.82 | P4: 1.82 | Q4: 1.82 | R4: 1.82 | S4: 1.82 | T4: 1.82 | U4: 1.82 | V4: 1.82 | W4: 1.82 | X4: 1.82 | Y4: 1.82 | Z4: 1.82 | AA4: 1.82 | AB4: 1.82 | AC4: 1.82 | AD4: 1.82 | AE4: 1.82 | AF4: 1.82 | AG4: 1.82 | AH4: 1.82 | AI4: 1.82
A5: Umschlingung | B5: % | C5: 80 | D5: 80 | E5: 80 | F5: 80 | G5: 80 | H5: 80 | I5: 80 | J5: 80 | K5: 80 | L5: 80 | M5: 80 | N5: 80 | O5: 80 | P5: 80 | Q5: 80 | R5: 80 | S5: 80 | T5: 80 | U5: 80 | V5: 80 | W5: 80 | X5: 80 | Y5: 80 | Z5: 80 | AA5: 80 | AB5: 80 | AC5: 80 | AD5: 80 | AE5: 80 | AF5: 80 | AG5: 80 | AH5: 80 | AI5: 80
A6: Mantel | B6: m² | C6: =2*PI()*7.6*(C4/2) -> 36.052917 | D6: =2*PI()*7.6*(D4/2) -> 43.45451 | E6: =2*PI()*7.6*(E4/2) -> 43.45451 | F6: =2*PI()*7.6*(F4/2) -> 43.45451 | G6: =2*PI()*7.6*(G4/2) -> 43.45451 | H6: =2*PI()*7.6*(H4/2) -> 43.45451 | I6: =2*PI()*7.6*(I4/2) -> 43.45451 | J6: =2*PI()*7.6*(J4/2) -> 43.45451 | ... AI6: =2*PI()*7.6*(AI4/2) -> 43.45451
A7: Mantel mit Um | B7: m² | C7: =C6*C5/100 -> 28.842334 | D7: =D6*D5/100 -> 34.763608 | E7: =E6*E5/100 -> 34.763608 | F7: =F6*F5/100 -> 34.763608 | G7: =G6*G5/100 -> 34.763608 | H7: =H6*H5/100 -> 34.763608 | I7: =I6*I5/100 -> 34.763608 | J7: =J6*J5/100 -> 34.763608 | ... AI7: =AI6*AI5/100 -> 34.763608 | AJ7: =SUM(C7:AI7) -> 1141.2778 | AK7: m²
A8: Druck | B8: bar(ü) | C8: {=_xlfn.IFS(Main!C12=0,'A - 32,36,38,41 geschlossen'!C15,Main!C12=1,'A - 32,36,38,41 geschlossen'!C16)} -> 2.3 | D8: {=_xlfn.IFS(Main!C12=0,'A - 32,36,38,41 geschlossen'!D15,Main!C12=1,'A - 32,36,38,41 geschlossen'!D16)} -> 2.5 | E8: {=_xlfn.IFS(Main!C12=0,'A - 32,36,38,41 geschlossen'!E15,Main!C12=1,'A - 32,36,38,41 geschlossen'!E16)} -> 2.7 | F8: {=_xlfn.IFS(Main!C12=0,'A - 32,36,38,41 geschlossen'!F15,Main!C12=1,'A - 32,36,38,41 geschlossen'!F16)} -> 3.5 | G8: =Main!C8 -> 2.5 | H8: =Main!C8 -> 2.5 | I8: =Main!C9 -> 3.1 | J8: =I8 -> 3.1 | K8: =I8 -> 3.1 | L8: 3.5 | M8: =Main!C10 -> 3.7 | N8: =M8 -> 3.7 | O8: =M8 -> 3.7 | P8: =M8 -> 3.7 | Q8: =M8 -> 3.7 | R8: =M8 -> 3.7 | S8: =M8 -> 3.7 | T8: =M8 -> 3.7 | U8: =M8 -> 3.7 | V8: =Main!C11 -> 4.3 | W8: =V8 -> 4.3 | X8: =V8 -> 4.3 | Y8: =V8 -> 4.3 | Z8: =V8 -> 4.3 | AA8: =V8 -> 4.3 | AB8: =V8 -> 4.3 | AC8: =V8 -> 4.3 | AD8: =V8 -> 4.3 | AE8: =V8 -> 4.3 | AF8: =V8 -> 4.3 | AG8: =V8 -> 4.3 | AH8: =V8 -> 4.3 | AI8: =V8 -> 4.3
A9: Sattdampf Temp | B9: °C | C9: =_xlfn.XLOOKUP(C8,Sattdampft!A2:A20,Sattdampft!B2:B20,,-1) -> 132.8 | D9: =_xlfn.XLOOKUP(D8,Sattdampft!A2:A20,Sattdampft!B2:B20,,-1) -> 138.1 | E9: =_xlfn.XLOOKUP(E8,Sattdampft!A2:A20,Sattdampft!B2:B20,,-1) -> 138.1 | F9: =_xlfn.XLOOKUP(F8,Sattdampft!A2:A20,Sattdampft!B2:B20,,-1) -> 147.1 | G9: =_xlfn.XLOOKUP(G8,Sattdampft!A2:A20,Sattdampft!B2:B20,,-1) -> 132.8 | H9: =_xlfn.XLOOKUP(H8,Sattdampft!A2:A20,Sattdampft!B2:B20,,-1) -> 132.8 | I9: =_xlfn.XLOOKUP(I8,Sattdampft!A2:A20,Sattdampft!B2:B20,,-1) -> 142.8 | J9: =_xlfn.XLOOKUP(J8,Sattdampft!A2:A20,Sattdampft!B2:B20,,-1) -> 142.8 | K9: =_xlfn.XLOOKUP(K8,Sattdampft!A2:A20,Sattdampft!B2:B20,,-1) -> 142.8 | L9: =_xlfn.XLOOKUP(L8,Sattdampft!A2:A20,Sattdampft!B2:B20,,-1) -> 147.1 | M9: =_xlfn.XLOOKUP(M8,Sattdampft!A2:A20,Sattdampft!B2:B20,,-1) -> 147.1 | N9: =_xlfn.XLOOKUP(N8,Sattdampft!A2:A20,Sattdampft!B2:B20,,-1) -> 147.1 | O9: =_xlfn.XLOOKUP(O8,Sattdampft!A2:A20,Sattdampft!B2:B20,,-1) -> 147.1 | P9: =_xlfn.XLOOKUP(P8,Sattdampft!A2:A20,Sattdampft!B2:B20,,-1) -> 147.1 | Q9: =_xlfn.XLOOKUP(Q8,Sattdampft!A2:A20,Sattdampft!B2:B20,,-1) -> 147.1 | R9: =_xlfn.XLOOKUP(R8,Sattdampft!A2:A20,Sattdampft!B2:B20,,-1) -> 147.1 | S9: =_xlfn.XLOOKUP(S8,Sattdampft!A2:A20,Sattdampft!B2:B20,,-1) -> 147.1 | T9: =_xlfn.XLOOKUP(T8,Sattdampft!A2:A20,Sattdampft!B2:B20,,-1) -> 147.1 | U9: =_xlfn.XLOOKUP(U8,Sattdampft!A2:A20,Sattdampft!B2:B20,,-1) -> 147.1 | V9: =_xlfn.XLOOKUP(V8,Sattdampft!A2:A20,Sattdampft!B2:B20,,-1) -> 150.9 | W9: =_xlfn.XLOOKUP(W8,Sattdampft!A2:A20,Sattdampft!B2:B20,,-1) -> 150.9 | X9: =_xlfn.XLOOKUP(X8,Sattdampft!A2:A20,Sattdampft!B2:B20,,-1) -> 150.9 | Y9: =_xlfn.XLOOKUP(Y8,Sattdampft!A2:A20,Sattdampft!B2:B20,,-1) -> 150.9 | Z9: =_xlfn.XLOOKUP(Z8,Sattdampft!A2:A20,Sattdampft!B2:B20,,-1) -> 150.9 | AA9: =_xlfn.XLOOKUP(AA8,Sattdampft!A2:A20,Sattdampft!B2:B20,,-1) -> 150.9 | AB9: =_xlfn.XLOOKUP(AB8,Sattdampft!A2:A20,Sattdampft!B2:B20,,-1) -> 150.9 | AC9: =_xlfn.XLOOKUP(AC8,Sattdampft!A2:A20,Sattdampft!B2:B20,,-1) -> 150.9 | AD9: =_xlfn.XLOOKUP(AD8,Sattdampft!A2:A20,Sattdampft!B2:B20,,-1) -> 150.9 | AE9: =_xlfn.XLOOKUP(AE8,Sattdampft!A2:A20,Sattdampft!B2:B20,,-1) -> 150.9 | AF9: =_xlfn.XLOOKUP(AF8,Sattdampft!A2:A20,Sattdampft!B2:B20,,-1) -> 150.9 | AG9: =_xlfn.XLOOKUP(AG8,Sattdampft!A2:A20,Sattdampft!B2:B20,,-1) -> 150.9 | AH9: =_xlfn.XLOOKUP(AH8,Sattdampft!A2:A20,Sattdampft!B2:B20,,-1) -> 150.9 | AI9: =_xlfn.XLOOKUP(AI8,Sattdampft!A2:A20,Sattdampft!B2:B20,,-1) -> 150.9
A10: Papier Temperatur | B10: °C | C10: {=_xlfn.IFS(Main!C12=0,'A - 32,36,38,41 geschlossen'!C17,Main!C12=1,'A - 32,36,38,41 geschlossen'!C18)} -> 50 | D10: {=_xlfn.IFS(Main!C12=0,'A - 32,36,38,41 geschlossen'!D17,Main!C12=1,'A - 32,36,38,41 geschlossen'!D18)} -> 55 | E10: {=_xlfn.IFS(Main!C12=0,'A - 32,36,38,41 geschlossen'!E17,Main!C12=1,'A - 32,36,38,41 geschlossen'!E18)} -> 57 | F10: {=_xlfn.IFS(Main!C12=0,'A - 32,36,38,41 geschlossen'!F17,Main!C12=1,'A - 32,36,38,41 geschlossen'!F18)} -> 60 | G10: {=_xlfn.IFS(Main!C12=0,'A - 32,36,38,41 geschlossen'!G17,Main!C12=1,'A - 32,36,38,41 geschlossen'!G18)} -> 80 | H10: {=_xlfn.IFS(Main!C12=0,'A - 32,36,38,41 geschlossen'!H17,Main!C12=1,'A - 32,36,38,41 geschlossen'!H18)} -> 80 | I10: {=_xlfn.IFS(Main!C12=0,'A - 32,36,38,41 geschlossen'!I17,Main!C12=1,'A - 32,36,38,41 geschlossen'!I18)} -> 90 | J10: {=_xlfn.IFS(Main!C12=0,'A - 32,36,38,41 geschlossen'!J17,Main!C12=1,'A - 32,36,38,41 geschlossen'!J18)} -> 90 | K10: {=_xlfn.IFS(Main!C12=0,'A - 32,36,38,41 geschlossen'!K17,Main!C12=1,'A - 32,36,38,41 geschlossen'!K18)} -> 90 | L10: {=_xlfn.IFS(Main!C12=0,'A - 32,36,38,41 geschlossen'!L17,Main!C12=1,'A - 32,36,38,41 geschlossen'!L18)} -> 90 | M10: {=_xlfn.IFS(Main!C12=0,'A - 32,36,38,41 geschlossen'!M17,Main!C12=1,'A - 32,36,38,41 geschlossen'!M18)} -> 95 | N10: {=_xlfn.IFS(Main!C12=0,'A - 32,36,38,41 geschlossen'!N17,Main!C12=1,'A - 32,36,38,41 geschlossen'!N18)} -> 95 | O10: {=_xlfn.IFS(Main!C12=0,'A - 32,36,38,41 geschlossen'!O17,Main!C12=1,'A - 32,36,38,41 geschlossen'!O18)} -> 95 | P10: {=_xlfn.IFS(Main!C12=0,'A - 32,36,38,41 geschlossen'!P17,Main!C12=1,'A - 32,36,38,41 geschlossen'!P18)} -> 95 | Q10: {=_xlfn.IFS(Main!C12=0,'A - 32,36,38,41 geschlossen'!Q17,Main!C12=1,'A - 32,36,38,41 geschlossen'!Q18)} -> 95 | R10: {=_xlfn.IFS(Main!C12=0,'A - 32,36,38,41 geschlossen'!R17,Main!C12=1,'A - 32,36,38,41 geschlossen'!R18)} -> 95 | S10: {=_xlfn.IFS(Main!C12=0,'A - 32,36,38,41 geschlossen'!S17,Main!C12=1,'A - 32,36,38,41 geschlossen'!S18)} -> 95 | T10: {=_xlfn.IFS(Main!C12=0,'A - 32,36,38,41 geschlossen'!T17,Main!C12=1,'A - 32,36,38,41 geschlossen'!T18)} -> 95 | U10: {=_xlfn.IFS(Main!C12=0,'A - 32,36,38,41 geschlossen'!U17,Main!C12=1,'A - 32,36,38,41 geschlossen'!U18)} -> 95 | V10: {=_xlfn.IFS(Main!C12=0,'A - 32,36,38,41 geschlossen'!V17,Main!C12=1,'A - 32,36,38,41 geschlossen'!V18)} -> 95 | W10: {=_xlfn.IFS(Main!C12=0,'A - 32,36,38,41 geschlossen'!W17,Main!C12=1,'A - 32,36,38,41 geschlossen'!W18)} -> 95 | X10: {=_xlfn.IFS(Main!C12=0,'A - 32,36,38,41 geschlossen'!X17,Main!C12=1,'A - 32,36,38,41 geschlossen'!X18)} -> 95 | Y10: {=_xlfn.IFS(Main!C12=0,'A - 32,36,38,41 geschlossen'!Y17,Main!C12=1,'A - 32,36,38,41 geschlossen'!Y18)} -> 95 | Z10: {=_xlfn.IFS(Main!C12=0,'A - 32,36,38,41 geschlossen'!Z17,Main!C12=1,'A - 32,36,38,41 geschlossen'!Z18)} -> 95 | AA10: {=_xlfn.IFS(Main!C12=0,'A - 32,36,38,41 geschlossen'!AA17,Main!C12=1,'A - 32,36,38,41 geschlossen'!AA18)} -> 95 | AB10: {=_xlfn.IFS(Main!C12=0,'A - 32,36,38,41 geschlossen'!AB17,Main!C12=1,'A - 32,36,38,41 geschlossen'!AB18)} -> 95 | AC10: {=_xlfn.IFS(Main!C12=0,'A - 32,36,38,41 geschlossen'!AC17,Main!C12=1,'A - 32,36,38,41 geschlossen'!AC18)} -> 95 | AD10: {=_xlfn.IFS(Main!C12=0,'A - 32,36,38,41 geschlossen'!AD17,Main!C12=1,'A - 32,36,38,41 geschlossen'!AD18)} -> 95 | AE10: {=_xlfn.IFS(Main!C12=0,'A - 32,36,38,41 geschlossen'!AE17,Main!C12=1,'A - 32,36,38,41 geschlossen'!AE18)} -> 95 | AF10: {=_xlfn.IFS(Main!C12=0,'A - 32,36,38,41 geschlossen'!AF17,Main!C12=1,'A - 32,36,38,41 geschlossen'!AF18)} -> 95 | AG10: {=_xlfn.IFS(Main!C12=0,'A - 32,36,38,41 geschlossen'!AG17,Main!C12=1,'A - 32,36,38,41 geschlossen'!AG18)} -> 95 | AH10: {=_xlfn.IFS(Main!C12=0,'A - 32,36,38,41 geschlossen'!AH17,Main!C12=1,'A - 32,36,38,41 geschlossen'!AH18)} -> 95 | AI10: {=_xlfn.IFS(Main!C12=0,'A - 32,36,38,41 geschlossen'!AI17,Main!C12=1,'A - 32,36,38,41 geschlossen'!AI18)} -> 95
A11: D T | B11: °C | C11: =C9-C10 -> 82.8 | D11: =D9-D10 -> 83.1 | E11: =E9-E10 -> 81.1 | F11: =F9-F10 -> 87.1 | G11: =G9-G10 -> 52.8 | H11: =H9-H10 -> 52.8 | I11: =I9-I10 -> 52.8 | J11: =J9-J10 -> 52.8 | ... AI11: =AI9-AI10 -> 55.9
A12: Energieübertragung | B12: W/m²*K | C12: 459 | D12: 459 | E12: 459 | F12: 459 | G12: 459 | H12: 459 | I12: 459 | J12: 459 | K12: 459 | L12: 459 | M12: 459 | N12: 459 | O12: 459 | P12: 459 | Q12: 459 | R12: 459 | S12: 459 | T12: 459 | U12: 459 | V12: 459 | W12: 459 | X12: 459 | Y12: 459 | Z12: 459 | AA12: 459 | AB12: 459 | AC12: 459 | AD12: 459 | AE12: 459 | AF12: 459 | AG12: 459 | AH12: 459 | AI12: 459
B13: W/m² | C13: =C11*C12 -> 38005.2 | D13: =D11*D12 -> 38142.9 | E13: =E11*E12 -> 37224.9 | F13: =F11*F12 -> 39978.9 | G13: =G11*G12 -> 24235.2 | H13: =H11*H12 -> 24235.2 | I13: =I11*I12 -> 24235.2 | J13: =J11*J12 -> 24235.2 | ... AI13: =AI11*AI12 -> 25658.1
A14: q | B14: MW | C14: =C7*C13/1000000 -> 1.0961587 | D14: =D7*D13/1000000 -> 1.3259848 | E14: =E7*E13/1000000 -> 1.2940718 | F14: =F7*F13/1000000 -> 1.3898108 | G14: =G7*G13/1000000 -> 0.84250298 | H14: =H7*H13/1000000 -> 0.84250298 | I14: =I7*I13/1000000 -> 0.84250298 | J14: =J7*J13/1000000 -> 0.84250298 | ... AI14: =AI7*AI13/1000000 -> 0.89196812 | AJ14: =SUM(C14:AI14) -> 30.199212 | AK14: MW

Sheet C - 2.TG Umbau
A1: VTP
B2: Einheit
A3: Zylinder | B3: - | C3: 1 | D3: 3 | E3: 5 | F3: 7 | G3: 9 | H3: 11 | I3: 13 | J3: 15 | K3: 17 | L3: 18 | M3: 19 | N3: 21 | O3: 23 | P3: 25 | Q3: 26 | R3: 27 | S3: 28 | T3: 29 | U3: 30 | V3: 31 | W3: 32 | X3: 33 | Y3: 34 | Z3: 35 | AA3: 36 | AB3: 37 | AC3: 38 | AD3: 39 | AE3: 40 | AF3: 41 | AG3: =COUNT(C3:AF3) -> 30 | AH3: Zylinder
A4: Durchmesser | B4: m | C4: 1.51 | D4: 1.82 | E4: 1.82 | F4: 1.82 | G4: 1.82 | H4: 1.82 | I4: 1.82 | J4: 1.82 | K4: 1.82 | L4: 1.82 | M4: 1.82 | N4: 1.82 | O4: 1.82 | P4: 1.82 | Q4: 1.82 | R4: 1.82 | S4: 1.82 | T4: 1.82 | U4: 1.82 | V4: 1.82 | W4: 1.82 | X4: 1.82 | Y4: 1.82 | Z4: 1.82 | AA4: 1.82 | AB4: 1.82 | AC4: 1.82 | AD4: 1.82 | AE4: 1.82 | AF4: 1.82
A5: Umschlingung | B5: % | C5: 80 | D5: 80 | E5: 80 | F5: 80 | G5: 80 | H5: 80 | I5: 80 | J5: 80 | K5: 80 | L5: 80 | M5: 80 | N5: 80 | O5: 80 | P5: 80 | Q5: 80 | R5: 80 | S5: 80 | T5: 80 | U5: 80 | V5: 80 | W5: 80 | X5: 80 | Y5: 80 | Z5: 80 | AA5: 80 | AB5: 80 | AC5: 80 | AD5: 80 | AE5: 80 | AF5: 80
A6: Mantel | B6: m² | C6: =2*PI()*7.6*(C4/2) -> 36.052917 | D6: =2*PI()*7.6*(D4/2) -> 43.45451 | E6: =2*PI()*7.6*(E4/2) -> 43.45451 | F6: =2*PI()*7.6*(F4/2) -> 43.45451 | G6: =2*PI()*7.6*(G4/2) -> 43.45451 | H6: =2*PI()*7.6*(H4/2) -> 43.45451 | I6: =2*PI()*7.6*(I4/2) -> 43.45451 | J6: =2*PI()*7.6*(J4/2) -> 43.45451 | ... AF6: =2*PI()*7.6*(AF4/2) -> 43.45451
A7: Mantel mit Um | B7: m² | C7: =C6*C5/100 -> 28.842334 | D7: =D6*D5/100 -> 34.763608 | E7: =E6*E5/100 -> 34.763608 | F7: =F6*F5/100 -> 34.763608 | G7: =G6*G5/100 -> 34.763608 | H7: =H6*H5/100 -> 34.763608 | I7: =I6*I5/100 -> 34.763608 | J7: =J6*J5/100 -> 34.763608 | ... AF7: =AF6*AF5/100 -> 34.763608 | AG7: =SUM(C7:AF7) -> 1036.987 | AH7: m²
A8: Druck | B8: bar(ü) | C8: {=_xlfn.IFS(Main!C12=0,'A - 32,36,38,41 geschlossen'!C15,Main!C12=1,'A - 32,36,38,41 geschlossen'!C16)} -> 2.3 | D8: {=_xlfn.IFS(Main!C12=0,'A - 32,36,38,41 geschlossen'!D15,Main!C12=1,'A - 32,36,38,41 geschlossen'!D16)} -> 2.5 | E8: {=_xlfn.IFS(Main!C12=0,'A - 32,36,38,41 geschlossen'!E15,Main!C12=1,'A - 32,36,38,41 geschlossen'!E16)} -> 2.7 | F8: {=_xlfn.IFS(Main!C12=0,'A - 32,36,38,41 geschlossen'!F15,Main!C12=1,'A - 32,36,38,41 geschlossen'!F16)} -> 3.5 | G8: =Main!C8 -> 2.5 | H8: =Main!C8 -> 2.5 | I8: =Main!C9 -> 3.1 | J8: =I8 -> 3.1 | K8: =I8 -> 3.1 | L8: 3.5 | M8: =Main!C10 -> 3.7 | N8: =M8 -> 3.7 | O8: =M8 -> 3.7 | P8: =M8 -> 3.7 | Q8: =M8 -> 3.7 | R8: =M8 -> 3.7 | S8: =Main!C11 -> 4.3 | T8: =S8 -> 4.3 | U8: =S8 -> 4.3 | V8: =S8 -> 4.3 | W8: =S8 -> 4.3 | X8: =S8 -> 4.3 | Y8: =S8 -> 4.3 | Z8: =S8 -> 4.3 | AA8: =S8 -> 4.3 | AB8: =S8 -> 4.3 | AC8: =S8 -> 4.3 | AD8: =S8 -> 4.3 | AE8: =S8 -> 4.3 | AF8: =S8 -> 4.3
A9: Sattdampf Temp | B9: °C | C9: =_xlfn.XLOOKUP(C8,Sattdampft!A2:A20,Sattdampft!B2:B20,,-1) -> 132.8 | D9: =_xlfn.XLOOKUP(D8,Sattdampft!A2:A20,Sattdampft!B2:B20,,-1) -> 138.1 | E9: =_xlfn.XLOOKUP(E8,Sattdampft!A2:A20,Sattdampft!B2:B20,,-1) -> 138.1 | F9: =_xlfn.XLOOKUP(F8,Sattdampft!A2:A20,Sattdampft!B2:B20,,-1) -> 147.1 | G9: =_xlfn.XLOOKUP(G8,Sattdampft!A2:A20,Sattdampft!B2:B20,,-1) -> 132.8 | H9: =_xlfn.XLOOKUP(H8,Sattdampft!A2:A20,Sattdampft!B2:B20,,-1) -> 132.8 | I9: =_xlfn.XLOOKUP(I8,Sattdampft!A2:A20,Sattdampft!B2:B20,,-1) -> 142.8 | J9: =_xlfn.XLOOKUP(J8,Sattdampft!A2:A20,Sattdampft!B2:B20,,-1) -> 142.8 | K9: =_xlfn.XLOOKUP(K8,Sattdampft!A2:A20,Sattdampft!B2:B20,,-1) -> 142.8 | L9: =_xlfn.XLOOKUP(L8,Sattdampft!A2:A20,Sattdampft!B2:B20,,-1) -> 147.1 | M9: =_xlfn.XLOOKUP(M8,Sattdampft!A2:A20,Sattdampft!B2:B20,,-1) -> 147.1 | N9: =_xlfn.XLOOKUP(N8,Sattdampft!A2:A20,Sattdampft!B2:B20,,-1) -> 147.1 | O9: =_xlfn.XLOOKUP(O8,Sattdampft!A2:A20,Sattdampft!B2:B20,,-1) -> 147.1 | P9: =_xlfn.XLOOKUP(P8,Sattdampft!A2:A20,Sattdampft!B2:B20,,-1) -> 147.1 | Q9: =_xlfn.XLOOKUP(Q8,Sattdampft!A2:A20,Sattdampft!B2:B20,,-1) -> 147.1 | R9: =_xlfn.XLOOKUP(R8,Sattdampft!A2:A20,Sattdampft!B2:B20,,-1) -> 147.1 | S9: =_xlfn.XLOOKUP(S8,Sattdampft!A2:A20,Sattdampft!B2:B20,,-1) -> 150.9 | T9: =_xlfn.XLOOKUP(T8,Sattdampft!A2:A20,Sattdampft!B2:B20,,-1) -> 150.9 | U9: =_xlfn.XLOOKUP(U8,Sattdampft!A2:A20,Sattdampft!B2:B20,,-1) -> 150.9 | V9: =_xlfn.XLOOKUP(V8,Sattdampft!A2:A20,Sattdampft!B2:B20,,-1) -> 150.9 | W9: =_xlfn.XLOOKUP(W8,Sattdampft!A2:A20,Sattdampft!B2:B20,,-1) -> 150.9 | X9: =_xlfn.XLOOKUP(X8,Sattdampft!A2:A20,Sattdampft!B2:B20,,-1) -> 150.9 | Y9: =_xlfn.XLOOKUP(Y8,Sattdampft!A2:A20,Sattdampft!B2:B20,,-1) -> 150.9 | Z9: =_xlfn.XLOOKUP(Z8,Sattdampft!A2:A20,Sattdampft!B2:B20,,-1) -> 150.9 | AA9: =_xlfn.XLOOKUP(AA8,Sattdampft!A2:A20,Sattdampft!B2:B20,,-1) -> 150.9 | AB9: =_xlfn.XLOOKUP(AB8,Sattdampft!A2:A20,Sattdampft!B2:B20,,-1) -> 150.9 | AC9: =_xlfn.XLOOKUP(AC8,Sattdampft!A2:A20,Sattdampft!B2:B20,,-1) -> 150.9 | AD9: =_xlfn.XLOOKUP(AD8,Sattdampft!A2:A20,Sattdampft!B2:B20,,-1) -> 150.9 | AE9: =_xlfn.XLOOKUP(AE8,Sattdampft!A2:A20,Sattdampft!B2:B20,,-1) -> 150.9 | AF9: =_xlfn.XLOOKUP(AF8,Sattdampft!A2:A20,Sattdampft!B2:B20,,-1) -> 150.9
A10: Papier Temperatur | B10: °C | C10: {=_xlfn.IFS(Main!C12=0,'A - 32,36,38,41 geschlossen'!C17,Main!C12=1,'A - 32,36,38,41 geschlossen'!C18)} -> 50 | D10: {=_xlfn.IFS(Main!C12=0,'A - 32,36,38,41 geschlossen'!D17,Main!C12=1,'A - 32,36,38,41 geschlossen'!D18)} -> 55 | E10: {=_xlfn.IFS(Main!C12=0,'A - 32,36,38,41 geschlossen'!E17,Main!C12=1,'A - 32,36,38,41 geschlossen'!E18)} -> 57 | F10: {=_xlfn.IFS(Main!C12=0,'A - 32,36,38,41 geschlossen'!F17,Main!C12=1,'A - 32,36,38,41 geschlossen'!F18)} -> 60 | G10: {=_xlfn.IFS(Main!C12=0,'A - 32,36,38,41 geschlossen'!G17,Main!C12=1,'A - 32,36,38,41 geschlossen'!G18)} -> 80 | H10: {=_xlfn.IFS(Main!C12=0,'A - 32,36,38,41 geschlossen'!H17,Main!C12=1,'A - 32,36,38,41 geschlossen'!H18)} -> 80 | I10: {=_xlfn.IFS(Main!C12=0,'A - 32,36,38,41 geschlossen'!I17,Main!C12=1,'A - 32,36,38,41 geschlossen'!I18)} -> 90 | J10: {=_xlfn.IFS(Main!C12=0,'A - 32,36,38,41 geschlossen'!J17,Main!C12=1,'A - 32,36,38,41 geschlossen'!J18)} -> 90 | K10: {=_xlfn.IFS(Main!C12=0,'A - 32,36,38,41 geschlossen'!K17,Main!C12=1,'A - 32,36,38,41 geschlossen'!K18)} -> 90 | L10: {=_xlfn.IFS(Main!C12=0,'A - 32,36,38,41 geschlossen'!L17,Main!C12=1,'A - 32,36,38,41 geschlossen'!L18)} -> 90 | M10: {=_xlfn.IFS(Main!C12=0,'A - 32,36,38,41 geschlossen'!M17,Main!C12=1,'A - 32,36,38,41 geschlossen'!M18)} -> 95 | N10: {=_xlfn.IFS(Main!C12=0,'A - 32,36,38,41 geschlossen'!O17,Main!C12=1,'A - 32,36,38,41 geschlossen'!O18)} -> 95 | O10: {=_xlfn.IFS(Main!C12=0,'A - 32,36,38,41 geschlossen'!Q17,Main!C12=1,'A - 32,36,38,41 geschlossen'!Q18)} -> 95 | P10: {=_xlfn.IFS(Main!C12=0,'A - 32,36,38,41 geschlossen'!S17,Main!C12=1,'A - 32,36,38,41 geschlossen'!S18)} -> 95 | Q10: {=_xlfn.IFS(Main!C12=0,'A - 32,36,38,41 geschlossen'!T17,Main!C12=1,'A - 32,36,38,41 geschlossen'!T18)} -> 95 | R10: {=_xlfn.IFS(Main!C12=0,'A - 32,36,38,41 geschlossen'!U17,Main!C12=1,'A - 32,36,38,41 geschlossen'!U18)} -> 95 | S10: {=_xlfn.IFS(Main!C12=0,'A - 32,36,38,41 geschlossen'!V17,Main!C12=1,'A - 32,36,38,41 geschlossen'!V18)} -> 95 | T10: {=_xlfn.IFS(Main!C12=0,'A - 32,36,38,41 geschlossen'!W17,Main!C12=1,'A - 32,36,38,41 geschlossen'!W18)} -> 95 | U10: {=_xlfn.IFS(Main!C12=0,'A - 32,36,38,41 geschlossen'!X17,Main!C12=1,'A - 32,36,38,41 geschlossen'!X18)} -> 95 | V10: {=_xlfn.IFS(Main!C12=0,'A - 32,36,38,41 geschlossen'!Y17,Main!C12=1,'A - 32,36,38,41 geschlossen'!Y18)} -> 95 | W10: {=_xlfn.IFS(Main!C12=0,'A - 32,36,38,41 geschlossen'!Z17,Main!C12=1,'A - 32,36,38,41 geschlossen'!Z18)} -> 95 | X10: {=_xlfn.IFS(Main!C12=0,'A - 32,36,38,41 geschlossen'!AA17,Main!C12=1,'A - 32,36,38,41 geschlossen'!AA18)} -> 95 | Y10: {=_xlfn.IFS(Main!C12=0,'A - 32,36,38,41 geschlossen'!AB17,Main!C12=1,'A - 32,36,38,41 geschlossen'!AB18)} -> 95 | Z10: {=_xlfn.IFS(Main!C12=0,'A - 32,36,38,41 geschlossen'!AC17,Main!C12=1,'A - 32,36,38,41 geschlossen'!AC18)} -> 95 | AA10: {=_xlfn.IFS(Main!C12=0,'A - 32,36,38,41 geschlossen'!AD17,Main!C12=1,'A - 32,36,38,41 geschlossen'!AD18)} -> 95 | AB10: {=_xlfn.IFS(Main!C12=0,'A - 32,36,38,41 geschlossen'!AE17,Main!C12=1,'A - 32,36,38,41 geschlossen'!AE18)} -> 95 | AC10: {=_xlfn.IFS(Main!C12=0,'A - 32,36,38,41 geschlossen'!AF17,Main!C12=1,'A - 32,36,38,41 geschlossen'!AF18)} -> 95 | AD10: {=_xlfn.IFS(Main!C12=0,'A - 32,36,38,41 geschlossen'!AG17,Main!C12=1,'A - 32,36,38,41 geschlossen'!AG18)} -> 95 | AE10: {=_xlfn.IFS(Main!C12=0,'A - 32,36,38,41 geschlossen'!AH17,Main!C12=1,'A - 32,36,38,41 geschlossen'!AH18)} -> 95 | AF10: {=_xlfn.IFS(Main!C12=0,'A - 32,36,38,41 geschlossen'!AI17,Main!C12=1,'A - 32,36,38,41 geschlossen'!AI18)} -> 95
A11: D T | B11: °C | C11: =C9-C10 -> 82.8 | D11: =D9-D10 -> 83.1 | E11: =E9-E10 -> 81.1 | F11: =F9-F10 -> 87.1 | G11: =G9-G10 -> 52.8 | H11: =H9-H10 -> 52.8 | I11: =I9-I10 -> 52.8 | J11: =J9-J10 -> 52.8 | ... AF11: =AF9-AF10 -> 55.9
A12: Energieübertragung | B12: W/m²*K | C12: 459 | D12: 459 | E12: 459 | F12: 459 | G12: 459 | H12: 459 | I12: 459 | J12: 459 | K12: 459 | L12: 459 | M12: 459 | N12: 459 | O12: 459 | P12: 459 | Q12: 459 | R12: 459 | S12: 459 | T12: 459 | U12: 459 | V12: 459 | W12: 459 | X12: 459 | Y12: 459 | Z12: 459 | AA12: 459 | AB12: 459 | AC12: 459 | AD12: 459 | AE12: 459 | AF12: 459
B13: W/m² | C13: =C11*C12 -> 38005.2 | D13: =D11*D12 -> 38142.9 | E13: =E11*E12 -> 37224.9 | F13: =F11*F12 -> 39978.9 | G13: =G11*G12 -> 24235.2 | H13: =H11*H12 -> 24235.2 | I13: =I11*I12 -> 24235.2 | J13: =J11*J12 -> 24235.2 | ... AF13: =AF11*AF12 -> 25658.1
A14: q | B14: MW | C14: =C7*C13/1000000 -> 1.0961587 | D14: =D7*D13/1000000 -> 1.3259848 | E14: =E7*E13/1000000 -> 1.2940718 | F14: =F7*F13/1000000 -> 1.3898108 | G14: =G7*G13/1000000 -> 0.84250298 | H14: =H7*H13/1000000 -> 0.84250298 | I14: =I7*I13/1000000 -> 0.84250298 | J14: =J7*J13/1000000 -> 0.84250298 | ... AF14: =AF7*AF13/1000000 -> 0.89196812 | AG14: =SUM(C14:AF14) -> 27.705211 | AH14: MW

Sheet ÄV - D1
A1: VTP
B2: Einheit
A3: Zylinder | B3: - | C3: 1 | D3: 3 | E3: 5 | F3: 7 | G3: 9 | H3: 11 | I3: 13 | J3: 15 | K3: 17 | L3: 18 | M3: 19 | N3: 20 | O3: 21 | P3: 22 | Q3: 23 | R3: 24 | S3: 25 | T3: 26 | U3: 27 | V3: 28 | W3: 29 | X3: 30 | Y3: 31 | Z3: 32 | AA3: 33 | AB3: 34 | AC3: 35 | AD3: 36 | AE3: 37 | AF3: 38 | AG3: 39 | AH3: 40 | AI3: 41 | AJ3: =COUNT(C3:AI3) -> 33 | AK3: Zylinder
A4: Durchmesser | B4: m | C4: 1.51 | D4: 1.82 | E4: 1.82 | F4: 1.82 | G4: 1.82 | H4: 1.82 | I4: 1.82 | J4: 1.82 | K4: 1.82 | L4: 1.82 | M4: 1.82 | N4: 1.82 | O4: 1.82 | P4: 1.82 | Q4: 1.82 | R4: 1.82 | S4: 1.82 | T4: 1.82 | U4: 1.82 | V4: 1.82 | W4: 1.82 | X4: 1.82 | Y4: 1.82 | Z4: 1.82 | AA4: 1.82 | AB4: 1.82 | AC4: 1.82 | AD4: 1.82 | AE4: 1.82 | AF4: 1.82 | AG4: 1.82 | AH4: 1.82 | AI4: 1.82
A5: Umschlingung | B5: % | C5: 80 | D5: 80 | E5: 80 | F5: 80 | G5: 80 | H5: 80 | I5: 80 | J5: 80 | K5: 80 | L5: 80 | M5: 80 | N5: 80 | O5: 80 | P5: 80 | Q5: 80 | R5: 80 | S5: 80 | T5: 80 | U5: 80 | V5: 80 | W5: 80 | X5: 80 | Y5: 80 | Z5: 80 | AA5: 80 | AB5: 80 | AC5: 80 | AD5: 80 | AE5: 80 | AF5: 80 | AG5: 80 | AH5: 80 | AI5: 80
A6: Mantel | B6: m² | C6: =2*PI()*7.6*(C4/2) -> 36.052917 | D6: =2*PI()*7.6*(D4/2) -> 43.45451 | E6: =2*PI()*7.6*(E4/2) -> 43.45451 | F6: =2*PI()*7.6*(F4/2) -> 43.45451 | G6: =2*PI()*7.6*(G4/2) -> 43.45451 | H6: =2*PI()*7.6*(H4/2) -> 43.45451 | I6: =2*PI()*7.6*(I4/2) -> 43.45451 | J6: =2*PI()*7.6*(J4/2) -> 43.45451 | ... AI6: =2*PI()*7.6*(AI4/2) -> 43.45451
A7: Mantel mit Um | B7: m² | C7: =C6*C5/100 -> 28.842334 | D7: =D6*D5/100 -> 34.763608 | E7: =E6*E5/100 -> 34.763608 | F7: =F6*F5/100 -> 34.763608 | G7: =G6*G5/100 -> 34.763608 | H7: =H6*H5/100 -> 34.763608 | I7: =I6*I5/100 -> 34.763608 | J7: =J6*J5/100 -> 34.763608 | ... AI7: =AI6*AI5/100 -> 34.763608 | AJ7: =SUM(C7:AI7) -> 1141.2778 | AK7: m²
A8: Druck | B8: bar(ü) | C8: 6.5 | D8: 6.5 | E8: 6.5 | F8: 4.3 | G8: 4.3 | H8: 4.3 | I8: 4.3 | J8: 4.3 | K8: 4.3 | L8: 4.3 | M8: 4.3 | N8: 4.3 | O8: 4.3 | P8: 4.3 | Q8: 4.3 | R8: 4.3 | S8: 4.3 | T8: 4.3 | U8: 4.3 | V8: 3.7 | W8: =V8 -> 3.7 | X8: =V8 -> 3.7 | Y8: =V8 -> 3.7 | Z8: =V8 -> 3.7 | AA8: =V8 -> 3.7 | AB8: =V8 -> 3.7 | AC8: 3.7 | AD8: 3.1 | AE8: 3.1 | AF8: 3.1 | AG8: 3.1 | AH8: 3.1 | AI8: 3.1
A9: Sattdampf Temp | B9: °C | C9: =_xlfn.XLOOKUP(C8,Sattdampft!A2:A20,Sattdampft!B2:B20,,-1) -> 166.8 | D9: =_xlfn.XLOOKUP(D8,Sattdampft!A2:A20,Sattdampft!B2:B20,,-1) -> 166.8 | E9: =_xlfn.XLOOKUP(E8,Sattdampft!A2:A20,Sattdampft!B2:B20,,-1) -> 166.8 | F9: =_xlfn.XLOOKUP(F8,Sattdampft!A2:A20,Sattdampft!B2:B20,,-1) -> 150.9 | G9: =_xlfn.XLOOKUP(G8,Sattdampft!A2:A20,Sattdampft!B2:B20,,-1) -> 150.9 | H9: =_xlfn.XLOOKUP(H8,Sattdampft!A2:A20,Sattdampft!B2:B20,,-1) -> 150.9 | I9: =_xlfn.XLOOKUP(I8,Sattdampft!A2:A20,Sattdampft!B2:B20,,-1) -> 150.9 | J9: =_xlfn.XLOOKUP(J8,Sattdampft!A2:A20,Sattdampft!B2:B20,,-1) -> 150.9 | K9: =_xlfn.XLOOKUP(K8,Sattdampft!A2:A20,Sattdampft!B2:B20,,-1) -> 150.9 | L9: =_xlfn.XLOOKUP(L8,Sattdampft!A2:A20,Sattdampft!B2:B20,,-1) -> 150.9 | M9: =_xlfn.XLOOKUP(M8,Sattdampft!A2:A20,Sattdampft!B2:B20,,-1) -> 150.9 | N9: =_xlfn.XLOOKUP(N8,Sattdampft!A2:A20,Sattdampft!B2:B20,,-1) -> 150.9 | O9: =_xlfn.XLOOKUP(O8,Sattdampft!A2:A20,Sattdampft!B2:B20,,-1) -> 150.9 | P9: =_xlfn.XLOOKUP(P8,Sattdampft!A2:A20,Sattdampft!B2:B20,,-1) -> 150.9 | Q9: =_xlfn.XLOOKUP(Q8,Sattdampft!A2:A20,Sattdampft!B2:B20,,-1) -> 150.9 | R9: =_xlfn.XLOOKUP(R8,Sattdampft!A2:A20,Sattdampft!B2:B20,,-1) -> 150.9 | S9: =_xlfn.XLOOKUP(S8,Sattdampft!A2:A20,Sattdampft!B2:B20,,-1) -> 150.9 | T9: =_xlfn.XLOOKUP(T8,Sattdampft!A2:A20,Sattdampft!B2:B20,,-1) -> 150.9 | U9: =_xlfn.XLOOKUP(U8,Sattdampft!A2:A20,Sattdampft!B2:B20,,-1) -> 150.9 | V9: =_xlfn.XLOOKUP(V8,Sattdampft!A2:A20,Sattdampft!B2:B20,,-1) -> 147.1 | W9: =_xlfn.XLOOKUP(W8,Sattdampft!A2:A20,Sattdampft!B2:B20,,-1) -> 147.1 | X9: =_xlfn.XLOOKUP(X8,Sattdampft!A2:A20,Sattdampft!B2:B20,,-1) -> 147.1 | Y9: =_xlfn.XLOOKUP(Y8,Sattdampft!A2:A20,Sattdampft!B2:B20,,-1) -> 147.1 | Z9: =_xlfn.XLOOKUP(Z8,Sattdampft!A2:A20,Sattdampft!B2:B20,,-1) -> 147.1 | AA9: =_xlfn.XLOOKUP(AA8,Sattdampft!A2:A20,Sattdampft!B2:B20,,-1) -> 147.1 | AB9: =_xlfn.XLOOKUP(AB8,Sattdampft!A2:A20,Sattdampft!B2:B20,,-1) -> 147.1 | AC9: =_xlfn.XLOOKUP(AC8,Sattdampft!A2:A20,Sattdampft!B2:B20,,-1) -> 147.1 | AD9: =_xlfn.XLOOKUP(AD8,Sattdampft!A2:A20,Sattdampft!B2:B20,,-1) -> 142.8 | AE9: =_xlfn.XLOOKUP(AE8,Sattdampft!A2:A20,Sattdampft!B2:B20,,-1) -> 142.8 | AF9: =_xlfn.XLOOKUP(AF8,Sattdampft!A2:A20,Sattdampft!B2:B20,,-1) -> 142.8 | AG9: =_xlfn.XLOOKUP(AG8,Sattdampft!A2:A20,Sattdampft!B2:B20,,-1) -> 142.8 | AH9: =_xlfn.XLOOKUP(AH8,Sattdampft!A2:A20,Sattdampft!B2:B20,,-1) -> 142.8 | AI9: =_xlfn.XLOOKUP(AI8,Sattdampft!A2:A20,Sattdampft!B2:B20,,-1) -> 142.8
A10: Papier Temperatur | B10: °C | C10: {=_xlfn.IFS(Main!C12=0,'A - 32,36,38,41 geschlossen'!C17,Main!C12=1,'A - 32,36,38,41 geschlossen'!C18)} -> 50 | D10: {=_xlfn.IFS(Main!C12=0,'A - 32,36,38,41 geschlossen'!D17,Main!C12=1,'A - 32,36,38,41 geschlossen'!D18)} -> 55 | E10: 80 | F10: 95 | G10: 95 | H10: 95 | I10: 95 | J10: 95 | K10: 95 | L10: 95 | M10: 95 | N10: 95 | O10: 95 | P10: 95 | Q10: 95 | R10: 95 | S10: 95 | T10: 95 | U10: 95 | V10: 95 | W10: {=_xlfn.IFS(Main!C12=0,'A - 32,36,38,41 geschlossen'!W17,Main!C12=1,'A - 32,36,38,41 geschlossen'!W18)} -> 95 | X10: {=_xlfn.IFS(Main!C12=0,'A - 32,36,38,41 geschlossen'!X17,Main!C12=1,'A - 32,36,38,41 geschlossen'!X18)} -> 95 | Y10: {=_xlfn.IFS(Main!C12=0,'A - 32,36,38,41 geschlossen'!Y17,Main!C12=1,'A - 32,36,38,41 geschlossen'!Y18)} -> 95 | Z10: {=_xlfn.IFS(Main!C12=0,'A - 32,36,38,41 geschlossen'!Z17,Main!C12=1,'A - 32,36,38,41 geschlossen'!Z18)} -> 95 | AA10: {=_xlfn.IFS(Main!C12=0,'A - 32,36,38,41 geschlossen'!AA17,Main!C12=1,'A - 32,36,38,41 geschlossen'!AA18)} -> 95 | AB10: {=_xlfn.IFS(Main!C12=0,'A - 32,36,38,41 geschlossen'!AB17,Main!C12=1,'A - 32,36,38,41 geschlossen'!AB18)} -> 95 | AC10: {=_xlfn.IFS(Main!C12=0,'A - 32,36,38,41 geschlossen'!AC17,Main!C12=1,'A - 32,36,38,41 geschlossen'!AC18)} -> 95 | AD10: {=_xlfn.IFS(Main!C12=0,'A - 32,36,38,41 geschlossen'!AD17,Main!C12=1,'A - 32,36,38,41 geschlossen'!AD18)} -> 95 | AE10: {=_xlfn.IFS(Main!C12=0,'A - 32,36,38,41 geschlossen'!AE17,Main!C12=1,'A - 32,36,38,41 geschlossen'!AE18)} -> 95 | AF10: {=_xlfn.IFS(Main!C12=0,'A - 32,36,38,41 geschlossen'!AF17,Main!C12=1,'A - 32,36,38,41 geschlossen'!AF18)} -> 95 | AG10: {=_xlfn.IFS(Main!C12=0,'A - 32,36,38,41 geschlossen'!AG17,Main!C12=1,'A - 32,36,38,41 geschlossen'!AG18)} -> 95 | AH10: {=_xlfn.IFS(Main!C12=0,'A - 32,36,38,41 geschlossen'!AH17,Main!C12=1,'A - 32,36,38,41 geschlossen'!AH18)} -> 95 | AI10: 95
A11: D T | B11: °C | C11: =C9-C10 -> 116.8 | D11: =D9-D10 -> 111.8 | E11: =E9-E10 -> 86.8 | F11: =F9-F10 -> 55.9 | G11: =G9-G10 -> 55.9 | H11: =H9-H10 -> 55.9 | I11: =I9-I10 -> 55.9 | J11: =J9-J10 -> 55.9 | ... AI11: =AI9-AI10 -> 47.8
A12: Energieübertragung | B12: W/m²*K | C12: 459 | D12: 459 | E12: 459 | F12: 459 | G12: 459 | H12: 459 | I12: 459 | J12: 459 | K12: 459 | L12: 459 | M12: 459 | N12: 459 | O12: 459 | P12: 459 | Q12: 459 | R12: 459 | S12: 459 | T12: 459 | U12: 459 | V12: 459 | W12: 459 | X12: 459 | Y12: 459 | Z12: 459 | AA12: 459 | AB12: 459 | AC12: 459 | AD12: 459 | AE12: 459 | AF12: 459 | AG12: 459 | AH12: 459 | AI12: 459
B13: W/m² | C13: =C11*C12 -> 53611.2 | D13: =D11*D12 -> 51316.2 | E13: =E11*E12 -> 39841.2 | F13: =F11*F12 -> 25658.1 | G13: =G11*G12 -> 25658.1 | H13: =H11*H12 -> 25658.1 | I13: =I11*I12 -> 25658.1 | J13: =J11*J12 -> 25658.1 | ... AI13: =AI11*AI12 -> 21940.2
A14: q | B14: MW | C14: =C7*C13/1000000 -> 1.5462721 | D14: =D7*D13/1000000 -> 1.7839362 | E14: =E7*E13/1000000 -> 1.3850238 | F14: =F7*F13/1000000 -> 0.89196812 | G14: =G7*G13/1000000 -> 0.89196812 | H14: =H7*H13/1000000 -> 0.89196812 | I14: =I7*I13/1000000 -> 0.89196812 | J14: =J7*J13/1000000 -> 0.89196812 | ... AI14: =AI7*AI13/1000000 -> 0.7627205 | AJ14: =SUM(C14:AI14) -> 30.213713 | AK14: MW | AL14: 31.9

Sheet Tabelle1
A1: u | B1: hc | C1: hd | D1: hat | E1: hs
A2: =(1/B2+1/C2+1/D2+1/E2) -> 0.0027886058 | B2: 2443 | C2: 1939 | D2: 558 | E2: 14000
A3: =1/A2 -> 358.60214 | B3: =1/B2 -> 0.00040933279 | C3: =1/C2 -> 0.00051572976 | D3: =1/D2 -> 0.0017921147 | E3: =1/E2 -> 7.1428571e-05
I8: Tempsattdampf | K8: Papiertemp | P8: Fläche | S8: Wärmekapazität
G9: q=(tk-tp)*k | I9: tk | K9: tp | M9: k=u
G10: =(I10-K10)*M10 -> 29046.773 | H10: W/m² | I10: 161 | J10: °C | K10: 80 | L10: °C | M10: =A3 -> 358.60214 | N10: W/(m²*k) | P10: 1122 | Q10: m² | S10: 4.18 | T10: J/(g*k)
G11: =G10/1000 -> 29.046773 | H11: kW/m²
G12: =G11*P10 -> 32590.479 | H12: kW
G13: =G12/1000 -> 32.590479 | H13: MW | I13: MJ/s
G14: =G12*60*60 -> 1.1732573e+08 | K14: Grammatur
G15: =G10*S10 -> 121415.51 | H15: g*k/s/m² | K15: 135 | L15: g/m²
G16: =G15/K15 -> 899.37416 | H16: k/s

Sheet Sattdampft
A1: Druck | B1: Temp
A2: 1 | B2: 119
A3: 1.5 | B3: 126.7
A4: 2 | B4: 132.8
A5: 2.5 | B5: 138.1
A6: 2.9 | B6: 142.8
A7: 3.4 | B7: 147.1
A8: 3.9 | B8: 150.9
A9: 4.4 | B9: 154.6
A10: 4.9 | B10: 157.9
A11: 5.4 | B11: 161.1
A12: 5.9 | B12: 164
A13: 6.4 | B13: 166.8
... A20: 9.8 | B20: 183.1
F22: =_xlfn.XLOOKUP(F23,A2:A20,B2:B20,,1) -> 147.1
F23: 3
