Workbook

Sheet Sheet1
A1: Name | B1: Measure | C1: Tags | D1: Tags old | E1: change | F1: TagNumber | G1: German name | H1: DO THESE Exist in IDI?
A2: MBS Current reel ID | C2: QO-REEL-ID-CUR-CALC | D2: QO-REEL-ID-CUR-CALC | E2: =IF(C2=D2,1,0) -> 1 | F2: 12576 | G2: Virtual Online JumboID MachineID + Year(2digits) + QLS-REEL-ID-CUR
A3: AB Grade ID | C3: GRADE_NAME | D3: GRADE_NAME | E3: =IF(C3=D3,1,0) -> 1 | F3: 14082 | G3: Sortenname [0..9999999 ]
A4: MBS SCT CD | C4: QO_SCT_CD | D4: QO_SCT_CD | E4: =IF(C4=D4,1,0) -> 1 | F4: 18118 | G4: QO_SCT CD SCT in Querrichtung SCT CD :38
A5: MBS SCT MD | C5: QO_SCT_MD | D5: QO_SCT_MD | E5: =IF(C5=D5,1,0) -> 1 | F5: 18119 | G5: QO_SCT MD SCT in Maschinenrichtung SCT MD :39
A6: MBS Burst | C6: QO_BERSTWIDERSTAND | D6: QO_BERSTWIDERSTAND | E6: =IF(C6=D6,1,0) -> 1 | F6: 18078 | G6: QO_Berstwiderstand Berstwiderstand Berstwiderstand :6
A7: MBS CMT30 | C7: QO_CMT | D7: QO_CMT | E7: =IF(C7=D7,1,0) -> 1 | F7: 18081 | G7: QO_CMT CMT Presse CMT :10
A8: Stock pump power | B8: A | C8: 2-008-P041_10-XI | D8: 2-008-P041_10-XI | E8: =IF(C8=D8,1,0) -> 1 | F8: 13718 | G8: Strom Stoffauflaufpumpe [0..1260 A]
A9: O=Alles OK sonst Abrissort li:PM1-OPC-DATA.F:break_location | C9: PM1_ABRISS-ERKENNUNG | D9: PM1_ABRISS-ERKENNUNG | E9: =IF(C9=D9,1,0) -> 1 | F9: 8312 | G9: O=Alles OK sonst Abrissort li:PM1-OPC-DATA.F:break_location
A10: Speed | B10: m/min | C10: 2-008-VPOPE-AR0 | D10: 2-008-VPOPE-AR0 | E10: =IF(C10=D10,1,0) -> 1 | F10: 14345 | G10: Geschwindigkeit Poperoller_Abriss_0 [0..1500 m/min]
A11: Current reel weight | B11: Kg | C11: QO-REEL-WEIGHT-CUR | D11: QO-REEL-WEIGHT-CUR | E11: =IF(C11=D11,1,0) -> 1 | F11: 36 | G11: Current reel weight
A12: Current reel width | B12: CM | C12: QLS-REEL-WIDTH-CUR | D12: QLS-REEL-WIDTH-CUR | E12: =IF(C12=D12,1,0) -> 1 | F12: 37 | G12: Current reel width
A13: Current reel length | B13: M | C13: QO-REEL-LENGTH-CUR | D13: QO-REEL-LENGTH-CUR | E13: =IF(C13=D13,1,0) -> 1 | F13: 28 | G13: Current reel length
A14: Production Rate [T/h] | B14: t/h | C14: PRODUCTION-RATE | D14: PRODUCTION-RATE | E14: =IF(C14=D14,1,0) -> 1 | F14: 10438 | G14: Produktions Rate 2 [0..90 t/h]
A15: Current basis weight | B15: G/M2 | C15: QMS11_SCN1QM1-X | D15: QMS11_SCN1QM1-X | E15: =IF(C15=D15,1,0) -> 1 | F15: 11237 | G15: IST Flächengewicht g/m2
A16: Current reel moisture average(reel) | C16: QLS-REEL-MOISTURE1-CUR | D16: QLS-REEL-MOISTURE1-CUR | E16: =IF(C16=D16,1,0) -> 1 | F16: 40 | G16: Current reel moisture average(Aufrollung)
A17: Actual moisture | B17: PCT | C17: QMS11_MIC_MSTSCN1-X1 | D17: QMS11_MIC_MSTSCN1-X1 | E17: =IF(C17=D17,1,0) -> 1 | F17: 11385 | G17: Feuchte NTP Poperoller 0-15 %
A18: Current reel dry average | C18: QLS-REEL-DRY-CUR | D18: QLS-REEL-DRY-CUR | E18: =IF(C18=D18,1,0) -> 1 | F18: 42 | G18: Current reel dry average
A19: BSW 2 sigma | C19: PM1-BW1-RL:GFLT.SIG | D19: PM1-BW1-RL:GFLT.SIG | E19: =IF(C19=D19,1,0) -> 1 | F19: 18254 | G19: FLG Messung gefiltertes Profil 2 sigma [0..20 ]
A20: Mois Size Press 2 sigma | C20: PM1-PM1-SP:GFLT.SIG | D20: PM1-PM1-SP:GFLT.SIG | E20: =IF(C20=D20,1,0) -> 1 | F20: 18291 | G20: Feuchtemessung Sizer gefiltertes Profil 2 sigma [0..20 ]
A21: Mois 2 sigma | C21: PM1-MO1-RL:GFLT.SIG | D21: PM1-MO1-RL:GFLT.SIG | E21: =IF(C21=D21,1,0) -> 1 | F21: 18273 | G21: Feuchtemessung Pope gefiltertes Profil 2 sigma [0..20 ]
A22: Contact pressure reel holders | B22: KN/M | C22: 2-060-YP045-X | D22: 2-060-YP045-X | E22: =IF(C22=D22,1,0) -> 1 | F22: 9875 | G22: 2-060-YP045 Anpreßdr Tambhalter : Messwert
A23: Reel discharge pressure | B23: BAR | C23: 2-060-YP048-X | D23: 2-060-YP048-X | E23: =IF(C23=D23,1,0) -> 1 | F23: 9876 | G23: 2-060-YP048 Tambourentlastung : Messwert
A24: Draw meaurement pope reel FS | B24: N/m | C24: 2-060-NI001-X | D24: 2-060-NI001-X | E24: =IF(C24=D24,1,0) -> 1 | F24: 10289 | G24: Zugmessung FS Poperoller : Messwert [0..1000 N/m]
A25: Draw measurement pope reel DS | B25: N/m | C25: 2-060-NI002-X | D25: 2-060-NI002-X | E25: =IF(C25=D25,1,0) -> 1 | F25: 10290 | G25: Zugmessung TS Poperoller : Messwert [0..1000 N/m]
A26: Total draw measurement pope reel | B26: N/m | C26: 2-060-NI003-X | D26: 2-060-NI003-X | E26: =IF(C26=D26,1,0) -> 1 | F26: 10291 | G26: Zugmessung gesamt Poperoller : Messwert [0..1000 N/m]
A27: Contact pressure support drum OS | B27: KN | C27: 2-060-WC050_01-X | D27: 2-060-WC050_01-X | E27: =IF(C27=D27,1,0) -> 1
A28: Contact pressure support drum DS | B28: KN | C28: 2-060-WC050_02-X | D28: 2-060-WC050_02-X | E28: =IF(C28=D28,1,0) -> 1
A29: Contact pressure secondary arm OS | B29: BAR | C29: 2-060-YP052_01-X | D29: 2-060-YP052_01-X | E29: =IF(C29=D29,1,0) -> 1 | F29: 9877 | G29: 2-060-YP052.01 Anpreßdr Sek-Arm FS : Messwert
A30: Contact pressure secondary arm DS | B30: BAR | C30: 2-060-YP052_02-X | D30: 2-060-YP052_02-X | E30: =IF(C30=D30,1,0) -> 1 | F30: 9878 | G30: 2-060-YP052.02 Anpreßdr Sek-Arm TS : Messwert
A31: Retentionsmittel Menge l/h [0..9000 l/h] | C31: 2-008-FC083.01-X | D31: 2-008-FC083.01-X | E31: =IF(C31=D31,1,0) -> 1 | F31: 10035 | G31: Retentionsmittel Menge l/h [0..9000 l/h]
A32: Bentonitmenge z. Mischrohr [-10..9000 l/h] | C32: 2-008-FC080_10_1-X | D32: 2-008-FC080_10_1-X | E32: =IF(C32=D32,1,0) -> 1 | F32: 13199 | G32: Bentonitmenge z. Mischrohr [-10..9000 l/h]
A33: Bentonitmenge z. Siebwasserturm [-10..9000 l/h] | C33: 2-008-FC080_10_2-X | D33: 2-008-FC080_10_2-X | E33: =IF(C33=D33,1,0) -> 1 | F33: 13216 | G33: Bentonitmenge z. Siebwasserturm [-10..9000 l/h]
A34: Sollwert Fixiermittelmenge [-1..50 l/h] | C34: 2-008-FIXIER-SOLL | D34: 2-008-FIXIER-SOLL | E34: =IF(C34=D34,1,0) -> 1
A35: Fixiermittelmenge Trockenausschuss [0..100 l/h] | C35: 2-008-FC080_02_3-X | D35: 2-008-FC080_02_3-X | E35: =IF(C35=D35,1,0) -> 1 | F35: 14084 | G35: Fixiermittelmenge Trockenausschuss [0..100 l/h]
A36: Mengenregelung Entlüfter : MESSWERT [0..40 l/h] | C36: 2-008-FC086_01-X | D36: 2-008-FC086_01-X | E36: =IF(C36=D36,1,0) -> 1 | F36: 15449 | G36: Mengenregelung Entlüfter : MESSWERT [0..40 l/h]
A37: Starch uptake by paper Top Roll [g/m2] | C37: 2-033-FI200-G_M2 | D37: 2-033-FI200-G_M2 | E37: =IF(C37=D37,1,0) -> 1 | F37: 13221 | G37: Stärkeauftrag bewegliche Walze [g / m²] [0..50 g/m²]
A38: Starch uptake by paper Bottom Roll [g/m2] | C38: 2-033-FI100-G_M2 | D38: 2-033-FI100-G_M2 | E38: =IF(C38=D38,1,0) -> 1 | F38: 13220 | G38: Stärkeauftrag feste Walze [g / m²] [0..50 g/m²]
A39: Paper break status li:PM1-OPC-DATA.F:rtup_pls (0 = false) | C39: QLS-PM1-BREAK-STATUS2 | D39: QLS-PM1-BREAK-STATUS2 | E39: =IF(C39=D39,1,0) -> 1 | F39: 8171 | G39: Paper break status li:PM1-OPC-DATA.F:rtup_pls (0 = false)
A40: Entschäumermenge FW [-1..60 l/h] | C40: 2-008-FI080_03_3-X | D40: 2-008-FI080_03_3-X | E40: =IF(C40=D40,1,0) -> 1 | F40: 13236 | G40: Entschäumermenge FW [-1..60 l/h]
A41: Entschäumermenge BW [-2..60 l/h] | C41: 2-008-FI080_03_4-X | D41: 2-008-FI080_03_4-X | E41: =IF(C41=D41,1,0) -> 1 | F41: 13237 | G41: Entschäumermenge BW [-2..60 l/h]
A42: Mengenistwert Leimungsmittel BW : MESSWERT [0..500 l/h] | C42: 2-008-FC080_04_4-X | D42: 2-008-FC080_04_4-X | E42: =IF(C42=D42,1,0) -> 1 | F42: 15436 | G42: Mengenistwert Leimungsmittel BW : MESSWERT [0..500 l/h]
A43: Menge Leimungsmittel : MESSWERT [0..500 l/h] | C43: 2-008-FC080_04_2-X | D43: 2-008-FC080_04_2-X | E43: =IF(C43=D43,1,0) -> 1 | F43: 15432 | G43: Menge Leimungsmittel : MESSWERT [0..500 l/h]
A44: Trockenverfestigermenge bewegliche Walze [0..2500 l/h] | C44: 2-008-FC080_01_2-X | D44: 2-008-FC080_01_2-X | E44: =IF(C44=D44,1,0) -> 1 | F44: 13773 | G44: Trockenverfestigermenge bewegliche Walze [0..2500 l/h]
A45: Trockenverfestigermenge feste Walze [0..2500 l/h] | C45: 2-008-FC080_01_1-X | D45: 2-008-FC080_01_1-X | E45: =IF(C45=D45,1,0) -> 1 | F45: 13771 | G45: Trockenverfestigermenge feste Walze [0..2500 l/h]
A46: Purate Laufrückmeldung : MESSWERT [0..1 ] | C46: 2-008-UZ080_11-PRM-X | D46: 2-008-UZ080_11-PRM-X | E46: =IF(C46=D46,1,0) -> 1
A47: SP1: 1-000-FC028_01 NaOH-Dosierung Pulper : MESSWERT | C47: 1-000-FC028_01-X | D47: 1-000-FC028_01-X | E47: =IF(C47=D47,1,0) -> 1 | F47: 13231 | G47: SP1: 1-000-FC028_01 NaOH-Dosierung Pulper : MESSWERT
A48: SP1: 1-000-FC028_02 NaOH-Dosierung Kurzfaser-SF : MESSWE | C48: 1-000-FC028_02-X | D48: 1-000-FC028_02-X | E48: =IF(C48=D48,1,0) -> 1 | F48: 13232 | G48: SP1: 1-000-FC028_02 NaOH-Dosierung Kurzfaser-SF : MESSWERT
A49: SP1: 1-000-FC028_03 NaOH-Dosierung Langfaser-SF : MESSWE | C49: 1-000-FC028_03-X | D49: 1-000-FC028_03-X | E49: =IF(C49=D49,1,0) -> 1 | F49: 13233 | G49: SP1: 1-000-FC028_03 NaOH-Dosierung Langfaser-SF : MESSWERT
A50: CO2-Dosierung Deculator 1 [0..60 kg/h] | C50: 2-008-QC041_01-X | D50: 2-008-QC041_01-X | E50: =IF(C50=D50,1,0) -> 1 | F50: 11331 | G50: CO2-Dosierung Deculator 1 [0..60 kg/h]
A51: CO2-Dosierung Deculator 2 [0..60 kg/h] | C51: 2-008-QC041_20-X | D51: 2-008-QC041_20-X | E51: =IF(C51=D51,1,0) -> 1 | F51: 11332 | G51: CO2-Dosierung Deculator 2 [0..60 kg/h]
A52: CO2-Dosierung Bio-Rückwasser [0..60 kg/h] | C52: 2-008-QC031_01-X | D52: 2-008-QC031_01-X | E52: =IF(C52=D52,1,0) -> 1 | F52: 11326 | G52: CO2-Dosierung Bio-Rückwasser [0..60 kg/h]
A53: Leistung Zelle 13 APA [0..100mW] | B53: MW | C53: 2-000-2A1J13-P | D53: GUD\2AJ15CU001/MELD.QPV | E53: =IF(C53=D53,1,0) -> 0 | F53: 11326
A54: Leistung Zelle 15 APA [0..100 MW] | B54: MW | C54: 2-000-2A1J15-P | D54: GUD\2AJ17CU001/MELD.QPV | E54: =IF(C54=D54,1,0) -> 0 | F54: 11326
A55: Leistung Zelle 17 APA [0..100 MW] | B55: MW | C55: 2-000-2A1J17-P | D55: GUD\2AJ16CU001/MELD.QPV | E55: =IF(C55=D55,1,0) -> 0 | F55: 11326
A56: Leistung Zelle 16 APA [0..100 MW] | B56: MW | C56: 2-000-2A1J16-P | D56: GUD\2AJ20CU001/MELD.QPV | E56: =IF(C56=D56,1,0) -> 0 | F56: 11326
A57: Leistung Zelle 20 PM-Antrieb [0..100 MW] | B57: MW | C57: 2-000-2A1J20-P | D57: GUD\2AJ19CU001/MELD.QPV | E57: =IF(C57=D57,1,0) -> 0 | F57: 11326
A58: Leistung Zelle 19 PM-Antrieb [0..100 MW] | B58: MW | C58: 2-000-2A1J19-P | D58: GUD\2AJ18CU001/MELD.QPV | E58: =IF(C58=D58,1,0) -> 0 | F58: 11326
A59: Leistung Zelle 18 PM-Antrieb [0..100 MW] | B59: MW | C59: 2-000-2A1J18-P | D59: GUD\2AJ25CU001/MELD.QPV | E59: =IF(C59=D59,1,0) -> 0 | F59: 11326
A60: Leistung Zelle 25 MCC Raum [0..100 MW] | B60: MW | C60: 2-000-2A1J25-P | D60: GUD\2AJ28CU001/MELD.QPV | E60: =IF(C60=D60,1,0) -> 0 | F60: 11326
A61: Leistung Zelle 28 MCC Raum [0..100 MW] | B61: MW | C61: 2-000-2A1J28-P | D61: GUD\2AJ27CU001/MELD.QPV | E61: =IF(C61=D61,1,0) -> 0 | F61: 11326
A62: Leistung Zelle 27 MCC Raum [0..100 MW] | B62: MW | C62: 2-000-2A1J27-P | D62: GUD\2AJ31CU001/MELD.QPV | E62: =IF(C62=D62,1,0) -> 0 | F62: 11326
A63: Leistung Zelle 26 MCC Raum [0..100 MW] | B63: MW | C63: 2-000-2A1J26-P | D63: GUD\2AJ26CU001/MELD.QPV | E63: =IF(C63=D63,1,0) -> 0 | F63: 11326
A64: Leistung Zelle 24 MCC Raum [0..100 MW] | B64: MW | C64: 2-000-2A1J24-P | D64: GUD\2AJ24CU001/MELD.QPV | E64: =IF(C64=D64,1,0) -> 0 | F64: 11326
A65: Leistung Zelle 23 MCC Raum [0..100 MW] | B65: MW | C65: 2-000-2A1J23-P | D65: GUD\2AJ23CU001/MELD.QPV | E65: =IF(C65=D65,1,0) -> 0 | F65: 11326
A66: VariSTEP div. Hauben+Lueftung Ventilatoren | B66: MW | C66: 2-000-2A1J21-P | D66: 2-000-2A1J21-P | E66: =IF(C66=D66,1,0) -> 1 | F66: 10777 | G66: VariSTEP div. Hauben+Lueftung Ventilatoren [-1..10 MW]
A67: Leistung Zelle 22 20kV Raum [0..100 MW] | B67: MW | C67: 2-000-2A1J22-P | D67: GUD\2AJ22CU001/MELD.QPV | E67: =IF(C67=D67,1,0) -> 0 | F67: 10778
A68: Leistung Zelle 33 RSM 2 [0..100 MW] | B68: MW | C68: 2-000-2A1J33-P | D68: GUD\2AJ33CU001/MELD.QPV | E68: =IF(C68=D68,1,0) -> 0 | F68: 10779
A69: Leistung Zelle 34 RSM2 Hilfsantriebe [0..100 MW] | B69: MW | C69: 2-000-2A1J34-P | D69: GUD\2AJ34CU001/MELD.QPV | E69: =IF(C69=D69,1,0) -> 0 | F69: 10780
A70: Steam energy from power plant to paper plant | C70: GMC_A4_G1LBE20CF702_WF | D70: GMC_A4_G1LBE20CF702_WF | E70: =IF(C70=D70,1,0) -> 1 | F70: 13957 | G70: WF MD-Dampf GUD-PF [MW]
A71: Condensate energy from paper plant to power plant | C71: GMC_A1_G1LDA10CF701_WF | D71: GMC_A1_G1LDA10CF701_WF | E71: =IF(C71=D71,1,0) -> 1 | F71: 13939 | G71: WF Rohkondensatrück. PF-GUD [MW]
A72: AD6 speed | C72: 2-604-UZ001-O | D72: 2-604-UZ001-O | E72: =IF(C72=D72,1,0) -> 1 | F72: 13209 | G72: Geschwindigkeit TG 6 [0..1500 m/min]
A73: Speed Size Press | C73: 2-033-UZ001-MD_SPEED-X | D73: 2-033-UZ001-MD_SPEED-X | E73: =IF(C73=D73,1,0) -> 1 | F73: 9792 | G73: 2-003-UZ001 Speedsizer : Istwert Geschwindigkeit
A74: AD7 speed bottom | C74: 2-704-UZ001-U | D74: 2-704-UZ001-U | E74: =IF(C74=D74,1,0) -> 1 | F74: 13211 | G74: Geschwindigkeit TG 7 unten [0..1500 m/min]
A75: DG4 Temperature Inlet Air | B75: C | C75: 2-044-TC413-X | D75: 2-044-TC413-X | E75: =IF(C75=D75,1,0) -> 1 | F75: 9858 | G75: 2-044-TC413 Temp. Zuluft TP4 : Messwert
A76: Cylinder 36 steam pressure | B76: bar | C76: 2-009-PC204_01-X | D76: 2-009-PC204_01-X | E76: =IF(C76=D76,1,0) -> 1 | F76: 10147 | G76: Dampfdruck Zylinder 36 : Messwert [0..6 bar]
A77: Cylinder 36 differential pressure | B77: bar | C77: 2-009-PD204_01-X | D77: 2-009-PD204_01-X | E77: =IF(C77=D77,1,0) -> 1 | F77: 10194 | G77: Differenzdruck Zylinder 36 : Messwert [0..1 bar]
A78: DG5 Temperature Inlet Air | B78: C | C78: 2-044-TC513-X | D78: 2-044-TC513-X | E78: =IF(C78=D78,1,0) -> 1 | F78: 9861 | G78: 2-044-TC513 Temp. Zuluft TP5 : Messwert
A79: Cylinder 37 steam pressure | B79: bar | C79: 2-009-PC204_02-X | D79: 2-009-PC204_02-X | E79: =IF(C79=D79,1,0) -> 1 | F79: 10150 | G79: Dampfdruck Zylinder 37 : Messwert [0..6 bar]
A80: Cylinder 38 differential pressure | B80: bar | C80: 2-009-PD204_03-X | D80: 2-009-PD204_03-X | E80: =IF(C80=D80,1,0) -> 1 | F80: 10200 | G80: Differenzdruck Zylinder 38 : Messwert [0..1 bar]
A81: Cylinder 37 differential pressure | B81: bar | C81: 2-009-PD204_02-X | D81: 2-009-PD204_02-X | E81: =IF(C81=D81,1,0) -> 1 | F81: 10197 | G81: Differenzdruck Zylinder 37 : Messwert [0..1 bar]
A82: Cylinder 38 steam pressure | B82: bar | C82: 2-009-PC204_03-X | D82: 2-009-PC204_03-X | E82: =IF(C82=D82,1,0) -> 1 | F82: 10153 | G82: Dampfdruck Zylinder 38 : Messwert [0..6 bar]
A83: Cylinder 39 steam pressure | B83: bar | C83: 2-009-PC204_04-X | D83: 2-009-PC204_04-X | E83: =IF(C83=D83,1,0) -> 1 | F83: 10156 | G83: Dampfdruck Zylinder 39 : Messwert [0..6 bar]
A84: Cylinder 36-39 steam pressure | B84: bar | C84: 2-009-PC200_04-X | D84: 2-009-PC200_04-X | E84: =IF(C84=D84,1,0) -> 1 | F84: 10109 | G84: Dampfdruck Zylinder 36-39 : Messwert [0..10 bar]
A85: Cylinder 39 differential pressure | B85: bar | C85: 2-009-PD204_04-X | D85: 2-009-PD204_04-X | E85: =IF(C85=D85,1,0) -> 1 | F85: 10203 | G85: Differenzdruck Zylinder 39 : Messwert [0..1 bar]
A86: Cylinder 40-53 differential pressure | B86: bar | C86: 2-009-PD205_01-X | D86: 2-009-PD205_01-X | E86: =IF(C86=D86,1,0) -> 1 | F86: 10210 | G86: Differenzdruck Zylinder 40-53 : Messwert [0..1 bar]
... A98: AD7 speed top | B98: m/min | C98: 2-704-UZ001-O | D98: 2-704-UZ001-O | E98: =IF(C98=D98,1,0) -> 1 | F98: 13210 | G98: Geschwindigkeit TG 7 oben [0..1500 m/min]
A99: Speed PD5 top | C99: 2-504-UZ001-O | D99: 2-504-UZ001-O | E99: =IF(C99=D99,1,0) -> 1 | F99: 13207 | G99: Geschwindigkeit TG 5 oben [0..1500 m/min]
A100: SpeedSizer Linepressure DS | B100: BAR | C100: 2-033-YP021_02-X | D100: 2-033-YP021_02-X | E100: =IF(C100=D100,1,0) -> 1 | F100: 9796 | G100: 2-033-YP021.02 Liniendruck TS : Messwert
A101: SpeedSizer Linepressure FS | B101: BAR | C101: 2-033-YP021_01-X | D101: 2-033-YP021_01-X | E101: =IF(C101=D101,1,0) -> 1 | F101: 9795 | G101: 2-033-YP021.01 Liniendruck FS : Messwert
A102: Pressure of Starch flow Speedsizer Bottom Roll~^0 | B102: BAR | C102: 2-033-PI150-X | D102: 2-033-PI150-X | E102: =IF(C102=D102,1,0) -> 1 | F102: 9784 | G102: 2-033-PI150 Stärke Speedsizer 1 : Messwert
A103: Starch consumption Bottom [m³/h] | B103: m³/h | C103: STAERKE_FW | D103: STAERKE_FW | E103: =IF(C103=D103,1,0) -> 1 | F103: 13863 | G103: Stärkeverbrauch feste Walze [0..5 m³/h]
A104: Starch consumption Top [m³/h] | B104: m³/h | C104: STAERKE_BW | D104: STAERKE_BW | E104: =IF(C104=D104,1,0) -> 1 | F104: 13862 | G104: Stärkeverbrauch bewegl. Walze [0..5 m³/h]
A105: Consistency starch main line | B105: % | C105: 2-076-QI050_01-X | D105: 2-076-QI050_01-X | E105: =IF(C105=D105,1,0) -> 1 | F105: 13833 | G105: Feststoffgehalt Stärke-Ringleitung [10..25 %]
A106: Pressure of Starch flow Speedsizer Top Roll | B106: BAR | C106: 2-033-PI250-X | D106: 2-033-PI250-X | E106: =IF(C106=D106,1,0) -> 1 | F106: 9787 | G106: 2-033-PI250 Stärke Speedsizer 2 : Messwert
A107: Aktuelle Arbeitsbreite in cm~^0 | C107: QO-REEL-CURR-AVG-WEBWIDTH | D107: QO-REEL-CURR-AVG-WEBWIDTH | E107: =IF(C107=D107,1,0) -> 1 | F107: 8113 | G107: Aktuelle Arbeitsbreite in cm
A108: Dilution water working tank 2 | C108: 2-033-FC200-X | D108: 2-033-FC200-X | E108: =IF(C108=D108,1,0) -> 1 | F108: 9768 | G108: 2-033-FC200 Stärke Arbeitsbehälter 2 : Messwert
A109: Flow starch main line to working tank 2~^0 | C109: 2-033-FI200-X | D109: 2-033-FI200-X | E109: =IF(C109=D109,1,0) -> 1 | F109: 9773 | G109: 2-033-FI200 Konz. STärke AB2 : Messwert
A110: Dilution water working tank 1 | C110: 2-033-FC100-X | D110: 2-033-FC100-X | E110: =IF(C110=D110,1,0) -> 1 | F110: 9764 | G110: 2-033-FC100 Stärke Arbeitsbehälter 1 : Messwert
A111: Flow starch main line to working tank 1~^0 | C111: 2-033-FI100-X | D111: 2-033-FI100-X | E111: =IF(C111=D111,1,0) -> 1 | F111: 9772 | G111: 2-033-FI100 Konz. STärke AB1 : Messwert
...

Sheet Sheet3
A4: Row Labels
A5: 1-000-A001_37-X
A6: 1-000-A001_35-X
A7: 1-000-A001_38-X
A8: 1-000-A001_36-X
A9: 1-000-A004_3-X
A10: 1-000-A001_37-X
A11: 1-000-A005_10-WG
A12: 1-000-A004_3-X
A13: 1-000-A005_11-WG
A14: 1-000-A005_11-X
A15: 1-000-A005_11-X
... A1142: Grand Total

Sheet New List of Tags vs IDI
A1: Tags | B1: Sensor/Calculation Tag | H1: IDI Tags | I1: R&D Tags | J1: TAGS THAT MATCH (R&D = IDI)
A2: 1-000-A001_35-X | B2: 1-000-A001_37-X | H2: 1-000-A005_10-WG | I2: 1-000-A004_3-X | J2: =IFERROR(VLOOKUP(Table358[[#This Row],[R&D Tags]],'Old List of R&D Tags vs IDI'!H:H,1,FALSE), " ") -> QMS11_SCN1QM1-X
A3: 1-000-A001_36-X | B3: 1-000-A001_38-X | H3: 1-000-A005_11-WG | I3: 1-000-A005_11-X | J3: =IFERROR(VLOOKUP(Table35[[#This Row],[R&D Tags]],H:H,1,FALSE), " ") -> 1-000-A005_11-X
A4: 1-000-A001_37-X | B4: 1-000-A004_3-X | H4: 1-000-A005_15-WG | I4: 1-000-CC005_1_1-X | J4: =IFERROR(VLOOKUP(Table35[[#This Row],[R&D Tags]],H:H,1,FALSE), " ") -> 1-000-CC005_1_1-X | L4: Out of 588 tags 300 match from R&D
A5: 1-000-A004_3-X | B5: 1-000-A005_10-WG | H5: 1-000-A005_15-X | I5: 1-000-CC005_1_2-X | J5: =IFERROR(VLOOKUP(Table35[[#This Row],[R&D Tags]],H:H,1,FALSE), " ") -> 1-000-CC005_1_2-X | L5: so 24 R&D tags are not in the IDI
A6: 1-000-A005_11-X | B6: 1-000-A005_11-WG | H6: 1-000-A005_40-N | I6: 1-000-CC005_1_3-X | J6: =IFERROR(VLOOKUP(Table35[[#This Row],[R&D Tags]],H:H,1,FALSE), " ") -> 1-000-CC005_1_3-X
A7: 1-000-CC001_1-X | B7: 1-000-A005_11-X | H7: 1-000-A005_9-WG | I7: 1-000-CC006_01-X | J7: =IFERROR(VLOOKUP(Table35[[#This Row],[R&D Tags]],H:H,1,FALSE), " ") -> 1-000-CC006_01-X
A8: 1-000-CC005_1_1-X | B8: 1-000-A005_15-WG | H8: 1-000-CC001_30-X | I8: 1-000-CC007_01-X | J8: =IFERROR(VLOOKUP(Table35[[#This Row],[R&D Tags]],H:H,1,FALSE), " ") -> 1-000-CC007_01-X
A9: 1-000-CC005_1_2-X | B9: 1-000-A005_15-X | H9: 1-000-CC002_1-X | I9: 1-000-EI002_1-X | J9: =IFERROR(VLOOKUP(Table35[[#This Row],[R&D Tags]],H:H,1,FALSE), " ") -> 1-000-EI002_1-X
A10: 1-000-CC005_1_3-X | B10: 1-000-A005_40-N | H10: 1-000-EI003_1-X | I10: 1-000-FC005_1-X | J10: =IFERROR(VLOOKUP(Table35[[#This Row],[R&D Tags]],H:H,1,FALSE), " ") -> 1-000-FC005_1-X
A11: 1-000-CC006_01-X | B11: 1-000-A005_9-WG | H11: 1-000-EI005_9_2-X | I11: 1-000-FC005_8_1-X | J11: =IFERROR(VLOOKUP(Table35[[#This Row],[R&D Tags]],H:H,1,FALSE), " ") -> 1-000-FC005_8_1-X
A12: 1-000-CC007_01-X | B12: 1-000-CC001_30-X | H12: 1-000-FC005_12-X | I12: 1-000-FC028_02-X | J12: =IFERROR(VLOOKUP(Table35[[#This Row],[R&D Tags]],H:H,1,FALSE), " ") -> 1-000-FC028_02-X
A13: 1-000-EI002_1-X | B13: 1-000-CC002_1-X | H13: 1-000-FC005_16-X | I13: 1-000-FI005_9_1-X | J13: =IFERROR(VLOOKUP(Table35[[#This Row],[R&D Tags]],H:H,1,FALSE), " ") -> 1-000-FI005_9_1-X
A14: 1-000-EI004_1-X | B14: 1-000-CC005_1_1-X | H14: 1-000-FC005_17-X | I14: 1-000-PI002_2DP-X | J14: =IFERROR(VLOOKUP(Table35[[#This Row],[R&D Tags]],H:H,1,FALSE), " ") -> 1-000-PI002_2DP-X
A15: 1-000-EI004_2-X | B15: 1-000-CC005_1_2-X | H15: 1-000-FC011_20-X | I15: 2-000-2A1J16-P | J15: =IFERROR(VLOOKUP(Table35[[#This Row],[R&D Tags]],H:H,1,FALSE), " ") -> 2-000-2A1J16-P
A16: 1-000-EI005_10-X | B16: 1-000-CC005_1_3-X | H16: 1-000-FC016_1-X | I16: 2-000-2A1J17-P | J16: =IFERROR(VLOOKUP(Table35[[#This Row],[R&D Tags]],H:H,1,FALSE), " ") -> 2-000-2A1J17-P
A17: 1-000-EI005_9_1-X | B17: 1-000-CC006_01-X | H17: 1-000-FC018_2-X | I17: 2-000-2A1J18-P | J17: =IFERROR(VLOOKUP(Table35[[#This Row],[R&D Tags]],H:H,1,FALSE), " ") -> 2-000-2A1J18-P
... A325: PM1_2-346-YP043-X | B325: 2-044-TI704_NL | H325: 2-076-FC25_01 | I325: QO-REEL-CURR-AVG-WEBWIDTH | J325: =IFERROR(VLOOKUP(Table35[[#This Row],[R&D Tags]],H:H,1,FALSE), " ")
A326: PM1_ABRISS-ERKENNUNG | B326: 2-060-ANTRIEB42 | H326: 2-076-QI050_01 | J326: =IFERROR(VLOOKUP(Table35[[#This Row],[R&D Tags]],H:H,1,FALSE), " ")
A327: PM1-BW1-RL:GFLT.SIG | B327: 2-060-GI056-D1 | H327: 2-104-ANTRIEB10-KW | J327: =IFERROR(VLOOKUP(Table35[[#This Row],[R&D Tags]],H:H,1,FALSE), " ")
A328: PM1-MO1-RL:GFLT.SIG | B328: 2-060-NI001-X | H328: 2-104-ANTRIEB11-KW | J328: =IFERROR(VLOOKUP(Table35[[#This Row],[R&D Tags]],H:H,1,FALSE), " ")
A329: PM1-PM1-SP:GFLT.SIG | B329: 2-060-NI002-X | H329: 2-104-FI001-X | J329: =IFERROR(VLOOKUP(Table35[[#This Row],[R&D Tags]],H:H,1,FALSE), " ")
A330: PRODUCTION-RATE | B330: 2-060-NI003-X | H330: 2-104-NC010_1-IST_POS | J330: =IFERROR(VLOOKUP(Table35[[#This Row],[R&D Tags]],H:H,1,FALSE), " ")
A331: QLS-PM1-BREAK-STATUS2 | B331: 2-060-UZ011-941 | H331: 2-104-NC010_2-IST_POS | J331: =IFERROR(VLOOKUP(Table35[[#This Row],[R&D Tags]],H:H,1,FALSE), " ")
A332: QLS-REEL-DRY-CUR | B332: 2-060-UZ011-D1 | H332: 2-146-YP043-D6 | J332: =IFERROR(VLOOKUP(Table35[[#This Row],[R&D Tags]],H:H,1,FALSE), " ")
A333: QLS-REEL-MOISTURE1-CUR | B333: 2-060-WC050_01-X | H333: 2-199-P071_2-X | J333: =IFERROR(VLOOKUP(Table35[[#This Row],[R&D Tags]],H:H,1,FALSE), " ")
A334: QLS-REEL-MOISTURE2-CUR | B334: 2-060-WC050_02-X | H334: 2-199-PI061-X | J334: =IFERROR(VLOOKUP(Table35[[#This Row],[R&D Tags]],H:H,1,FALSE), " ")
A335: QLS-REEL-WIDTH-CUR | B335: 2-060-YP045-X | H335: 2-199-PI062-X | J335: =IFERROR(VLOOKUP(Table35[[#This Row],[R&D Tags]],H:H,1,FALSE), " ")
A336: QMS11_2-008-QC041.05.01-X | B336: 2-060-YP048-X | H336: 2-199-PI063-X | J336: =IFERROR(VLOOKUP(Table35[[#This Row],[R&D Tags]],H:H,1,FALSE), " ")
A337: QMS11_2-009-FI200.01.2-X | B337: 2-060-YP052_01-X | H337: 2-199-PI067-X | J337: =IFERROR(VLOOKUP(Table35[[#This Row],[R&D Tags]],H:H,1,FALSE), " ")
... A367: STAERKE_FW | B367: 2-076-LC061_01-X | H367: 2-404-NC011_2-IST_POS | J367: =IFERROR(VLOOKUP(Table35[[#This Row],[R&D Tags]],H:H,1,FALSE), " ")
B368: 2-076-LI050_01-X | H368: 2-504-ANTRIEB22-KW | J368: =IFERROR(VLOOKUP(Table35[[#This Row],[R&D Tags]],H:H,1,FALSE), " ")
B369: 2-076-PC040_01-X | H369: 2-504-ANTRIEB23-KW | J369: =IFERROR(VLOOKUP(Table35[[#This Row],[R&D Tags]],H:H,1,FALSE), " ")
B370: 2-076-PC050_01-X | H370: 2-504-ANTRIEB24-KW | J370: =IFERROR(VLOOKUP(Table35[[#This Row],[R&D Tags]],H:H,1,FALSE), " ")
B371: 2-076-PC070_01-X | H371: 2-504-ANTRIEB25-KW | J371: =IFERROR(VLOOKUP(Table35[[#This Row],[R&D Tags]],H:H,1,FALSE), " ")
B372: 2-076-PI021_01-X | H372: 2-504-ANTRIEB26 | J372: =IFERROR(VLOOKUP(Table35[[#This Row],[R&D Tags]],H:H,1,FALSE), " ")
B373: 2-076-PI030_01-X | H373: 2-504-PI003-X | J373: =IFERROR(VLOOKUP(Table35[[#This Row],[R&D Tags]],H:H,1,FALSE), " ")
B374: 2-076-PI061_01-X | H374: 2-604-ANTRIEB31-KW | J374: =IFERROR(VLOOKUP(Table35[[#This Row],[R&D Tags]],H:H,1,FALSE), " ")
B375: 2-076-QI050_01 | H375: 2-604-ANTRIEB32-KW | J375: =IFERROR(VLOOKUP(Table35[[#This Row],[R&D Tags]],H:H,1,FALSE), " ")
B376: 2-076-SCHNECKEN-X | H376: 2-604-ANTRIEB33-KW | J376: =IFERROR(VLOOKUP(Table35[[#This Row],[R&D Tags]],H:H,1,FALSE), " ")
B377: 2-076-TC030_01-X | H377: 2-604-ANTRIEB34-KW | J377: =IFERROR(VLOOKUP(Table35[[#This Row],[R&D Tags]],H:H,1,FALSE), " ")
B378: 2-076-TI040_01-X | H378: 2-604-ANTRIEB35-KW | J378: =IFERROR(VLOOKUP(Table35[[#This Row],[R&D Tags]],H:H,1,FALSE), " ")
B379: 2-076-TI050_01-X | H379: 2-704-ANTRIEB36-KW | J379: =IFERROR(VLOOKUP(Table35[[#This Row],[R&D Tags]],H:H,1,FALSE), " ")
... B452: 2-504-NI010-X | H452: WASSERBILANZ | J452: =IFERROR(VLOOKUP(Table35[[#This Row],[R&D Tags]],H:H,1,FALSE), " ")
B453: 2-504-NI011-X | H453: 1-000-A001_37-X | I453: 1-000-A001_35-X | J453: =IFERROR(VLOOKUP(Table35[[#This Row],[R&D Tags]],H:H,1,FALSE), " ")
B454: 2-504-PI003-X | H454: 1-000-A005_11-X | I454: 1-000-CC001_1-X | J454: =IFERROR(VLOOKUP(Table35[[#This Row],[R&D Tags]],H:H,1,FALSE), " ")
B455: 2-504-UZ001-O | H455: 1-000-CC006_01-X | I455: 1-000-EI005_9_1-X | J455: =IFERROR(VLOOKUP(Table35[[#This Row],[R&D Tags]],H:H,1,FALSE), " ")
B456: 2-504-UZ001-O | H456: 1-000-CC007_01-X | I456: 1-000-FC005_11-X | J456: =IFERROR(VLOOKUP(Table35[[#This Row],[R&D Tags]],H:H,1,FALSE), " ")
B457: 2-504-UZ001-U | H457: 1-000-CC007_01-X | I457: 1-000-FC005_13-X | J457: =IFERROR(VLOOKUP(Table35[[#This Row],[R&D Tags]],H:H,1,FALSE), " ")
B458: 2-604-ANTRIEB31-KW | H458: 1-000-PI002_2DP-X | I458: 2-008-FIXIER-SOLL | J458: =IFERROR(VLOOKUP(Table35[[#This Row],[R&D Tags]],H:H,1,FALSE), " ")
B459: 2-604-ANTRIEB32-KW | H459: 1-000-PI003_11DP-X | I459: 2-008-HC033_01-X | J459: =IFERROR(VLOOKUP(Table35[[#This Row],[R&D Tags]],H:H,1,FALSE), " ")
B460: 2-604-ANTRIEB33-KW | H460: 2-000-2A1J16-P | I460: 2-008-QC031_01-X | J460: =IFERROR(VLOOKUP(Table35[[#This Row],[R&D Tags]],H:H,1,FALSE), " ")
B461: 2-604-ANTRIEB34-KW | H461: 2-000-2A1J17-P | I461: 2-008-QC041_01-X | J461: =IFERROR(VLOOKUP(Table35[[#This Row],[R&D Tags]],H:H,1,FALSE), " ")
B462: 2-604-ANTRIEB35-KW | H462: 2-000-2A1J18-P | I462: 2-008-QC041_20-X | J462: =IFERROR(VLOOKUP(Table35[[#This Row],[R&D Tags]],H:H,1,FALSE), " ")
B463: 2-604-NI010-X | H463: 2-000-2A1J22-P | I463: 2-008-QI041.25.02-X | J463: =IFERROR(VLOOKUP(Table35[[#This Row],[R&D Tags]],H:H,1,FALSE), " ")
B464: 2-604-UZ001-D9 | H464: 2-006-GI011_01-X | I464: 2-009-FI209_01-X | J464: =IFERROR(VLOOKUP(Table35[[#This Row],[R&D Tags]],H:H,1,FALSE), " ")
... B494: GMC_A1_46_0.7KV-RSM2-RUECK | H494: 2-076-LC061_01-X | I494: STAERKE_FW | J494: =IFERROR(VLOOKUP(Table35[[#This Row],[R&D Tags]],H:H,1,FALSE), " ")
B495: GMC_A1_G1LDA10CF701_WF | H495: 2-076-LI050_01-X | J495: =IFERROR(VLOOKUP(Table35[[#This Row],[R&D Tags]],H:H,1,FALSE), " ")
B496: GMC_A4_G1LBE20CF702_WF | H496: 2-076-PC040_01-X | J496: =IFERROR(VLOOKUP(Table35[[#This Row],[R&D Tags]],H:H,1,FALSE), " ")
B497: GRADE_NAME | H497: 2-076-PC050_01-X | J497: =IFERROR(VLOOKUP(Table35[[#This Row],[R&D Tags]],H:H,1,FALSE), " ")
B498: GUD\2-199-UZ011-D1/MELD.EXT_FLT1 | H498: 2-076-PC070_01-X | J498: =IFERROR(VLOOKUP(Table35[[#This Row],[R&D Tags]],H:H,1,FALSE), " ")
B499: If Paper Grade Category = Medium+ then 25% else 0% | H499: 2-076-PI021_01-X | J499: =IFERROR(VLOOKUP(Table35[[#This Row],[R&D Tags]],H:H,1,FALSE), " ")
B500: If Paper Grade Category = Medium+ then 75% else 100% | H500: 2-076-PI030_01-X | J500: =IFERROR(VLOOKUP(Table35[[#This Row],[R&D Tags]],H:H,1,FALSE), " ")
B501: If Paper product code between 4000000 and 6030000 then Medium+, else Other | H501: 2-076-PI061_01-X | J501: =IFERROR(VLOOKUP(Table35[[#This Row],[R&D Tags]],H:H,1,FALSE), " ")
B502: If total bentonite consumption rate (reconciled) < 80, set value = 0 | H502: 2-076-SCHNECKEN-X | J502: =IFERROR(VLOOKUP(Table35[[#This Row],[R&D Tags]],H:H,1,FALSE), " ")
B503: If total defoamer consumption rate (reconciled) < 3, set value = 0 | H503: 2-076-TC030_01-X | J503: =IFERROR(VLOOKUP(Table35[[#This Row],[R&D Tags]],H:H,1,FALSE), " ")
B504: If total dry strength agent consumption rate (reconciled) < 40, set value = 0 | H504: 2-076-TI040_01-X | J504: =IFERROR(VLOOKUP(Table35[[#This Row],[R&D Tags]],H:H,1,FALSE), " ")
B505: If total NaOH consumption rate (reconciled) < 35, set value = 0 | H505: 2-076-TI050_01-X | J505: =IFERROR(VLOOKUP(Table35[[#This Row],[R&D Tags]],H:H,1,FALSE), " ")
B506: If total retention aid consumption rate (reconciled) < 4 , set value = 0 | H506: 2-103-FI050-X | J506: =IFERROR(VLOOKUP(Table35[[#This Row],[R&D Tags]],H:H,1,FALSE), " ")
... B589: WASSERBILANZ | H589: QO-REEL-ID-CUR-CALC | J589: =IFERROR(VLOOKUP(Table35[[#This Row],[R&D Tags]],H:H,1,FALSE), " ")

Sheet Old List of R&D Tags vs IDI
A1: Tags | B1: Sensor/Calculation Tag | H1: IDI Tags | I1: R&D Tags | J1: DOES R&D = IDI?
A2: 1-000-A001_35-X | B2: 1-000-A001_37-X | H2: 1-000-FI005_10-X | I2: QMS11_SCN1QM1-X | J2: =IFERROR(VLOOKUP(Table358[[#This Row],[R&D Tags]],'Old List of R&D Tags vs IDI'!H:H,1,FALSE), " ") -> QMS11_SCN1QM1-X
A3: 1-000-A001_36-X | B3: 1-000-A001_38-X | H3: 2-199-PI068-X | I3: QMS11_MIC_MSTSCN2-X1 | J3: =IFERROR(VLOOKUP(Table358[[#This Row],[R&D Tags]],'Old List of R&D Tags vs IDI'!H:H,1,FALSE), " ") -> QMS11_MIC_MSTSCN2-X1 | L3: 284 R&D tags match IDI
A4: 1-000-A001_37-X | B4: 1-000-A004_3-X | H4: Fixative 1 expected usage * Production rate [t/h] + Fixative 2 expected usage * Production rate [t/h] | I4: QMS11_2-303-NC071-X | J4: =IFERROR(VLOOKUP(Table358[[#This Row],[R&D Tags]],'Old List of R&D Tags vs IDI'!H:H,1,FALSE), " ") -> QMS11_2-303-NC071-X | L4: 65 R&D Tags are not in the IDI
A5: 1-000-A004_3-X | B5: 1-000-A005_10-WG | H5: If total bentonite consumption rate (reconciled) < 80, set value = 0 | I5: QMS11_2-238-NC071-X | J5: =IFERROR(VLOOKUP(Table358[[#This Row],[R&D Tags]],'Old List of R&D Tags vs IDI'!H:H,1,FALSE), " ") -> QMS11_2-238-NC071-X
A6: 1-000-A005_11-X | B6: 1-000-A005_11-WG | H6: GMC_A1_46_0.7KV-RSM2-RUECK | I6: QMS11_2-203-NC071-X | J6: =IFERROR(VLOOKUP(Table358[[#This Row],[R&D Tags]],'Old List of R&D Tags vs IDI'!H:H,1,FALSE), " ") -> QMS11_2-203-NC071-X
A7: 1-000-CC001_1-X | B7: 1-000-A005_11-X | H7: QLS-REEL-TURNUP | I7: QMS11_2-138-NC071-X | J7: =IFERROR(VLOOKUP(Table358[[#This Row],[R&D Tags]],'Old List of R&D Tags vs IDI'!H:H,1,FALSE), " ") -> QMS11_2-138-NC071-X
A8: 1-000-CC005_1_1-X | B8: 1-000-A005_15-WG | H8: 2-604-ANTRIEB33-KW | I8: QMS11_2-103-NC071-X | J8: =IFERROR(VLOOKUP(Table358[[#This Row],[R&D Tags]],'Old List of R&D Tags vs IDI'!H:H,1,FALSE), " ") -> QMS11_2-103-NC071-X
A9: 1-000-CC005_1_2-X | B9: 1-000-A005_15-X | H9: 1-000-PI001_30-X | I9: QMS11_2-044-V511-N_FU | J9: =IFERROR(VLOOKUP(Table358[[#This Row],[R&D Tags]],'Old List of R&D Tags vs IDI'!H:H,1,FALSE), " ") -> QMS11_2-044-V511-N_FU
A10: 1-000-CC005_1_3-X | B10: 1-000-A005_40-N | H10: 1-000-PI004_1_2-X | I10: QMS11_2-044-V411-N_FU | J10: =IFERROR(VLOOKUP(Table358[[#This Row],[R&D Tags]],'Old List of R&D Tags vs IDI'!H:H,1,FALSE), " ") -> QMS11_2-044-V411-N_FU
A11: 1-000-CC006_01-X | B11: 1-000-A005_9-WG | H11: 2-304-ANTRIEB15-KW | I11: QMS11_2-044-V311-N_FU | J11: =IFERROR(VLOOKUP(Table358[[#This Row],[R&D Tags]],'Old List of R&D Tags vs IDI'!H:H,1,FALSE), " ") -> QMS11_2-044-V311-N_FU
A12: 1-000-CC007_01-X | B12: 1-000-CC001_30-X | H12: 2-238-UZ020-915 | I12: QMS11_2-044-V211-N_FU | J12: =IFERROR(VLOOKUP(Table358[[#This Row],[R&D Tags]],'Old List of R&D Tags vs IDI'!H:H,1,FALSE), " ") -> QMS11_2-044-V211-N_FU
A13: 1-000-EI002_1-X | B13: 1-000-CC002_1-X | H13: 2-204-ANTRIEB13-KW | I13: QMS11_2-044-V111-N1 | J13: =IFERROR(VLOOKUP(Table358[[#This Row],[R&D Tags]],'Old List of R&D Tags vs IDI'!H:H,1,FALSE), " ") -> QMS11_2-044-V111-N1
A14: 1-000-EI004_1-X | B14: 1-000-CC005_1_1-X | H14: 1-000-PC004_3_2-X | I14: QMS11_2-044-MC433-X | J14: =IFERROR(VLOOKUP(Table358[[#This Row],[R&D Tags]],'Old List of R&D Tags vs IDI'!H:H,1,FALSE), " ") -> QMS11_2-044-MC433-X
A15: 1-000-EI004_2-X | B15: 1-000-CC005_1_2-X | H15: 2-246-YP043-D6 | I15: QMS11_2-044-MC333-W | J15: =IFERROR(VLOOKUP(Table358[[#This Row],[R&D Tags]],'Old List of R&D Tags vs IDI'!H:H,1,FALSE), " ") -> QMS11_2-044-MC333-W
A16: 1-000-EI005_10-X | B16: 1-000-CC005_1_3-X | H16: 1-000-FC005_4-X | I16: QMS11_2-008-QC041.05.01-X | J16: =IFERROR(VLOOKUP(Table358[[#This Row],[R&D Tags]],'Old List of R&D Tags vs IDI'!H:H,1,FALSE), " ") -> QMS11_2-008-QC041.05.01-X
... A337: QMS11_2-009-FI200.01.2-X | B337: 2-060-YP052_01-X | H337: 2-008-FI080_03_3-X | I337: 2-009-PI806_01-X | J337: =IFERROR(VLOOKUP(Table358[[#This Row],[R&D Tags]],'Old List of R&D Tags vs IDI'!H:H,1,FALSE), " ")
A338: QMS11_2-009-FI200.01.4-X | B338: 2-060-YP052_02-X | H338: 2-008-FI080_03_4-X | J338: =IFERROR(VLOOKUP(Table358[[#This Row],[R&D Tags]],'Old List of R&D Tags vs IDI'!H:H,1,FALSE), " ")
A339: QMS11_2-009-FI200.01.5-X | B339: 2-076-AW1 | H339: PM1_ABRISS-ERKENNUNG | J339: =IFERROR(VLOOKUP(Table358[[#This Row],[R&D Tags]],'Old List of R&D Tags vs IDI'!H:H,1,FALSE), " ")
A340: QMS11_2-009-FI200.01.7-X | B340: 2-076-AW2 | H340: QO-REEL-ID-CUR-CALC | J340: =IFERROR(VLOOKUP(Table358[[#This Row],[R&D Tags]],'Old List of R&D Tags vs IDI'!H:H,1,FALSE), " ")
A341: QMS11_2-009-FI208.01-X | B341: 2-076-AW3 | H341: 1-000-CC001_30-X | I341: QO_TSI_MD | J341: =IFERROR(VLOOKUP(Table358[[#This Row],[R&D Tags]],'Old List of R&D Tags vs IDI'!H:H,1,FALSE), " ")
A342: QMS11_2-009-FI210.01-X | B342: 2-076-FC011_01 | H342: 1-000-EI003_1-X | I342: QO_CMT | J342: =IFERROR(VLOOKUP(Table358[[#This Row],[R&D Tags]],'Old List of R&D Tags vs IDI'!H:H,1,FALSE), " ")
A343: QMS11_2-044-MC333-W | B343: 2-076-FC011_01-X | H343: 2-008-QI041_11-X | I343: 2-076-LC011_01-X | J343: =IFERROR(VLOOKUP(Table358[[#This Row],[R&D Tags]],'Old List of R&D Tags vs IDI'!H:H,1,FALSE), " ")
A344: QMS11_2-044-MC433-X | B344: 2-076-FC011_02 | H344: 2-008-CI033_01-X | I344: 1-000-FC005_11-X | J344: =IFERROR(VLOOKUP(Table358[[#This Row],[R&D Tags]],'Old List of R&D Tags vs IDI'!H:H,1,FALSE), " ")
A345: QMS11_2-044-V111-N1 | B345: 2-076-FC011_02-X | H345: 2-008-FC031_01-X | I345: 1-000-FC005_13-X | J345: =IFERROR(VLOOKUP(Table358[[#This Row],[R&D Tags]],'Old List of R&D Tags vs IDI'!H:H,1,FALSE), " ")
A346: QMS11_2-044-V211-N_FU | B346: 2-076-FC015_01 | H346: 2-008-FC031_02-X | I346: QMS11_2-009-FI200.01.4-X | J346: =IFERROR(VLOOKUP(Table358[[#This Row],[R&D Tags]],'Old List of R&D Tags vs IDI'!H:H,1,FALSE), " ")
A347: QMS11_2-044-V311-N_FU | B347: 2-076-FC015_01 | H347: 2-008-FC031_02-X | I347: QMS11_2-009-FI200.01.7-X | J347: =IFERROR(VLOOKUP(Table358[[#This Row],[R&D Tags]],'Old List of R&D Tags vs IDI'!H:H,1,FALSE), " ")
A348: QMS11_2-044-V411-N_FU | B348: 2-076-FC015_01-X | H348: 2-008-FC031_02-X | I348: QMS11_2-009-FI210.01-X | J348: =IFERROR(VLOOKUP(Table358[[#This Row],[R&D Tags]],'Old List of R&D Tags vs IDI'!H:H,1,FALSE), " ")
A349: QMS11_2-044-V511-N_FU | B349: 2-076-FC021_01 | H349: 2-008-FC031_04-X | I349: QMS11_2-009-FI208.01-X | J349: =IFERROR(VLOOKUP(Table358[[#This Row],[R&D Tags]],'Old List of R&D Tags vs IDI'!H:H,1,FALSE), " ")
A350: QMS11_2-103-NC071-X | B350: 2-076-FC021_01-X | H350: 2-008-FC080_01_2-X | I350: 2-009-PI200_01_3-X | J350: =IFERROR(VLOOKUP(Table358[[#This Row],[R&D Tags]],'Old List of R&D Tags vs IDI'!H:H,1,FALSE), " ")
A351: QMS11_2-138-NC071-X | B351: 2-076-FC021_02 | H351: 2-008-FC087_01-X | I351: 2-008-FI807_01-X | J351: =IFERROR(VLOOKUP(Table358[[#This Row],[R&D Tags]],'Old List of R&D Tags vs IDI'!H:H,1,FALSE), " ")
A352: QMS11_2-203-NC071-X | B352: 2-076-FC021_02-X | H352: 2-008-FC088-X | I352: 2-008-FI807_03-X | J352: =IFERROR(VLOOKUP(Table358[[#This Row],[R&D Tags]],'Old List of R&D Tags vs IDI'!H:H,1,FALSE), " ")
A353: QMS11_2-238-NC071-X | B353: 2-076-FC025_01 | H353: 2-008-FI033_01-X | I353: 2-008-FI807_06-X | J353: =IFERROR(VLOOKUP(Table358[[#This Row],[R&D Tags]],'Old List of R&D Tags vs IDI'!H:H,1,FALSE), " ")
A354: QMS11_2-303-NC071-X | B354: 2-076-FC025_01-X | H354: 2-008-FI087_11-X | J354: =IFERROR(VLOOKUP(Table358[[#This Row],[R&D Tags]],'Old List of R&D Tags vs IDI'!H:H,1,FALSE), " ")
A355: QMS11_MIC_MSTSCN1-X1 | B355: 2-076-FC030_01-X | H355: 2-008-FI087_21-X | J355: =IFERROR(VLOOKUP(Table358[[#This Row],[R&D Tags]],'Old List of R&D Tags vs IDI'!H:H,1,FALSE), " ")
A356: QMS11_MIC_MSTSCN2-X1 | B356: 2-076-FC050_01-X | H356: 2-008-FI087_22-X | J356: =IFERROR(VLOOKUP(Table358[[#This Row],[R&D Tags]],'Old List of R&D Tags vs IDI'!H:H,1,FALSE), " ")
A357: QMS11_SCN1QM1-X | B357: 2-076-FC061_01 | H357: 2-008-FI087_23-X | J357: =IFERROR(VLOOKUP(Table358[[#This Row],[R&D Tags]],'Old List of R&D Tags vs IDI'!H:H,1,FALSE), " ")
A358: QO_BERSTWIDERSTAND | B358: 2-076-FC061_01-X | H358: 2-008-FI087_24-X | J358: =IFERROR(VLOOKUP(Table358[[#This Row],[R&D Tags]],'Old List of R&D Tags vs IDI'!H:H,1,FALSE), " ")
A359: QO_CMT | B359: 2-076-FC061_02 | H359: 2-008-HC041_10_1-Y | J359: =IFERROR(VLOOKUP(Table358[[#This Row],[R&D Tags]],'Old List of R&D Tags vs IDI'!H:H,1,FALSE), " ")
A360: QO_SCT_CD | B360: 2-076-FC061_02-X | H360: 2-008-HC041_30_1-Y | J360: =IFERROR(VLOOKUP(Table358[[#This Row],[R&D Tags]],'Old List of R&D Tags vs IDI'!H:H,1,FALSE), " ")
A361: QO_SCT_MD | B361: 2-076-FC065_01-X | H361: 2-008-P041_10-XI | J361: =IFERROR(VLOOKUP(Table358[[#This Row],[R&D Tags]],'Old List of R&D Tags vs IDI'!H:H,1,FALSE), " ")
A362: QO-REEL-CURR-AVG-WEBWIDTH | B362: 2-076-FC25_01 | H362: 2-008-P041_30-XI | J362: =IFERROR(VLOOKUP(Table358[[#This Row],[R&D Tags]],'Old List of R&D Tags vs IDI'!H:H,1,FALSE), " ")
A363: QO-REEL-ID-CUR-CALC | B363: 2-076-LC011_01-Y | H363: 2-008-PC041.11-X-STRAHL-SIEB | J363: =IFERROR(VLOOKUP(Table358[[#This Row],[R&D Tags]],'Old List of R&D Tags vs IDI'!H:H,1,FALSE), " ")
A364: QO-REEL-LENGTH-CUR | B364: 2-076-LC021_01-X | H364: 2-008-PC041_11-Q | J364: =IFERROR(VLOOKUP(Table358[[#This Row],[R&D Tags]],'Old List of R&D Tags vs IDI'!H:H,1,FALSE), " ")
A365: QO-REEL-WEIGHT-CUR | B365: 2-076-LC021_01-Y | H365: 2-008-PC041_11TS-X | J365: =IFERROR(VLOOKUP(Table358[[#This Row],[R&D Tags]],'Old List of R&D Tags vs IDI'!H:H,1,FALSE), " ")
... A367: STAERKE_FW | B367: 2-076-LC061_01-X | H367: 2-008-PC088-X | J367: =IFERROR(VLOOKUP(Table358[[#This Row],[R&D Tags]],'Old List of R&D Tags vs IDI'!H:H,1,FALSE), " ")
B368: 2-076-LI050_01-X | H368: 2-008-PD080_10_1-X | J368: =IFERROR(VLOOKUP(Table358[[#This Row],[R&D Tags]],'Old List of R&D Tags vs IDI'!H:H,1,FALSE), " ")
B369: 2-076-PC040_01-X | H369: 2-008-PD083_01-X | J369: =IFERROR(VLOOKUP(Table358[[#This Row],[R&D Tags]],'Old List of R&D Tags vs IDI'!H:H,1,FALSE), " ")
B370: 2-076-PC050_01-X | H370: 2-008-PD087_01-X | J370: =IFERROR(VLOOKUP(Table358[[#This Row],[R&D Tags]],'Old List of R&D Tags vs IDI'!H:H,1,FALSE), " ")
B371: 2-076-PC070_01-X | H371: 2-008-PD087_11-X | J371: =IFERROR(VLOOKUP(Table358[[#This Row],[R&D Tags]],'Old List of R&D Tags vs IDI'!H:H,1,FALSE), " ")
B372: 2-076-PI021_01-X | H372: 2-008-PD087_21-X | J372: =IFERROR(VLOOKUP(Table358[[#This Row],[R&D Tags]],'Old List of R&D Tags vs IDI'!H:H,1,FALSE), " ")
B373: 2-076-PI030_01-X | H373: 2-008-PI041_05_1-X | J373: =IFERROR(VLOOKUP(Table358[[#This Row],[R&D Tags]],'Old List of R&D Tags vs IDI'!H:H,1,FALSE), " ")
B374: 2-076-PI061_01-X | H374: 2-008-PI041_12-X | J374: =IFERROR(VLOOKUP(Table358[[#This Row],[R&D Tags]],'Old List of R&D Tags vs IDI'!H:H,1,FALSE), " ")
B375: 2-076-QI050_01 | H375: 2-008-PI041_25_1-X | J375: =IFERROR(VLOOKUP(Table358[[#This Row],[R&D Tags]],'Old List of R&D Tags vs IDI'!H:H,1,FALSE), " ")
B376: 2-076-SCHNECKEN-X | H376: 2-008-PI087_01-X | J376: =IFERROR(VLOOKUP(Table358[[#This Row],[R&D Tags]],'Old List of R&D Tags vs IDI'!H:H,1,FALSE), " ")
B377: 2-076-TC030_01-X | H377: 2-008-PI087_02-X | J377: =IFERROR(VLOOKUP(Table358[[#This Row],[R&D Tags]],'Old List of R&D Tags vs IDI'!H:H,1,FALSE), " ")
B378: 2-076-TI040_01-X | H378: 2-008-PI087_11-X | J378: =IFERROR(VLOOKUP(Table358[[#This Row],[R&D Tags]],'Old List of R&D Tags vs IDI'!H:H,1,FALSE), " ")
B379: 2-076-TI050_01-X | H379: 2-008-PI087_21-X | J379: =IFERROR(VLOOKUP(Table358[[#This Row],[R&D Tags]],'Old List of R&D Tags vs IDI'!H:H,1,FALSE), " ")
... B589: WASSERBILANZ | H589: QMS11_SCN1QM1-X | J589: =IFERROR(VLOOKUP(Table358[[#This Row],[R&D Tags]],'Old List of R&D Tags vs IDI'!H:H,1,FALSE), " ")

Sheet CHECK THIS ONE
B1: IDI | C1: TAGS NEW R&D | D1: IS R&D Tag in IDI? | F1: 588 IDI tags & calcs
B2: 1-000-FI005_10-X | C2: QO-REEL-ID-CUR-CALC | D2: =IFERROR(VLOOKUP(Table2[[#This Row],[TAGS NEW R&D]],B:B,1,FALSE), " ") -> QO-REEL-ID-CUR-CALC | F2: 300 R&D Tags in IDI
B3: 2-246-YP043-D6 | C3: QMS11_SCN1QM1-X | D3: =IFERROR(VLOOKUP(Table2[[#This Row],[TAGS NEW R&D]],B:B,1,FALSE), " ") -> QMS11_SCN1QM1-X | F3: 366 tags R&D
B4: 2-199-P071_2-X | C4: QMS11_MIC_MSTSCN2-X1 | D4: =IFERROR(VLOOKUP(Table2[[#This Row],[TAGS NEW R&D]],B:B,1,FALSE), " ") -> QMS11_MIC_MSTSCN2-X1 | F4: 66 tags not in IDI
B5: 1-000-EI002_1-X | C5: QMS11_2-303-NC071-X | D5: =IFERROR(VLOOKUP(Table2[[#This Row],[TAGS NEW R&D]],B:B,1,FALSE), " ") -> QMS11_2-303-NC071-X
B6: 1-000-FC028_02-X | C6: QMS11_2-238-NC071-X | D6: =IFERROR(VLOOKUP(Table2[[#This Row],[TAGS NEW R&D]],B:B,1,FALSE), " ") -> QMS11_2-238-NC071-X
B7: 1-000-CC007_01-X | C7: QMS11_2-203-NC071-X | D7: =IFERROR(VLOOKUP(Table2[[#This Row],[TAGS NEW R&D]],B:B,1,FALSE), " ") -> QMS11_2-203-NC071-X
B8: 2-000-2A1J23-P | C8: QMS11_2-138-NC071-X | D8: =IFERROR(VLOOKUP(Table2[[#This Row],[TAGS NEW R&D]],B:B,1,FALSE), " ") -> QMS11_2-138-NC071-X
B9: Total dry strength agent consumption rate * 0.9768 + 25939/(24*30) | C9: QMS11_2-103-NC071-X | D9: =IFERROR(VLOOKUP(Table2[[#This Row],[TAGS NEW R&D]],B:B,1,FALSE), " ") -> QMS11_2-103-NC071-X
B10: 2-033-FC150-X | C10: QMS11_2-044-V511-N_FU | D10: =IFERROR(VLOOKUP(Table2[[#This Row],[TAGS NEW R&D]],B:B,1,FALSE), " ") -> QMS11_2-044-V511-N_FU
B11: 2-009-PC200_11 | C11: QMS11_2-044-V411-N_FU | D11: =IFERROR(VLOOKUP(Table2[[#This Row],[TAGS NEW R&D]],B:B,1,FALSE), " ") -> QMS11_2-044-V411-N_FU
B12: 1-000-FC005_8_2-X | C12: QMS11_2-044-V311-N_FU | D12: =IFERROR(VLOOKUP(Table2[[#This Row],[TAGS NEW R&D]],B:B,1,FALSE), " ") -> QMS11_2-044-V311-N_FU
B13: 1-000-FC005_3-X | C13: QMS11_2-044-V211-N_FU | D13: =IFERROR(VLOOKUP(Table2[[#This Row],[TAGS NEW R&D]],B:B,1,FALSE), " ") -> QMS11_2-044-V211-N_FU
B14: 1-000-CC006_01-X | C14: QMS11_2-044-V111-N1 | D14: =IFERROR(VLOOKUP(Table2[[#This Row],[TAGS NEW R&D]],B:B,1,FALSE), " ") -> QMS11_2-044-V111-N1
B15: 2-009-FI210_01-X | C15: QMS11_2-044-MC433-X | D15: =IFERROR(VLOOKUP(Table2[[#This Row],[TAGS NEW R&D]],B:B,1,FALSE), " ") -> QMS11_2-044-MC433-X
B16: Total sizing agent consumption rate * 0.8642 + 11273/(24*30) | C16: QMS11_2-044-MC333-W | D16: =IFERROR(VLOOKUP(Table2[[#This Row],[TAGS NEW R&D]],B:B,1,FALSE), " ") -> QMS11_2-044-MC333-W
... B367: 2-008-PC088-X | C367: 2-009-PI806_01-X | D367: =IFERROR(VLOOKUP(Table2[[#This Row],[TAGS NEW R&D]],B:B,1,FALSE), " ")
B368: 2-008-PD080_10_1-X | D368: =IFERROR(VLOOKUP(Table2[[#This Row],[TAGS NEW R&D]],B:B,1,FALSE), " ")
B369: 2-008-PD083_01-X | D369: =IFERROR(VLOOKUP(Table2[[#This Row],[TAGS NEW R&D]],B:B,1,FALSE), " ")
B370: 2-008-PD087_01-X | D370: =IFERROR(VLOOKUP(Table2[[#This Row],[TAGS NEW R&D]],B:B,1,FALSE), " ")
B371: 2-008-PD087_11-X | D371: =IFERROR(VLOOKUP(Table2[[#This Row],[TAGS NEW R&D]],B:B,1,FALSE), " ")
B372: 2-008-PD087_21-X | D372: =IFERROR(VLOOKUP(Table2[[#This Row],[TAGS NEW R&D]],B:B,1,FALSE), " ")
B373: 2-008-PI041_05_1-X | D373: =IFERROR(VLOOKUP(Table2[[#This Row],[TAGS NEW R&D]],B:B,1,FALSE), " ")
B374: 2-008-PI041_12-X | D374: =IFERROR(VLOOKUP(Table2[[#This Row],[TAGS NEW R&D]],B:B,1,FALSE), " ")
B375: 2-008-PI041_25_1-X | D375: =IFERROR(VLOOKUP(Table2[[#This Row],[TAGS NEW R&D]],B:B,1,FALSE), " ")
B376: 2-008-PI087_01-X | D376: =IFERROR(VLOOKUP(Table2[[#This Row],[TAGS NEW R&D]],B:B,1,FALSE), " ")
B377: 2-008-PI087_02-X | D377: =IFERROR(VLOOKUP(Table2[[#This Row],[TAGS NEW R&D]],B:B,1,FALSE), " ")
B378: 2-008-PI087_11-X | D378: =IFERROR(VLOOKUP(Table2[[#This Row],[TAGS NEW R&D]],B:B,1,FALSE), " ")
B379: 2-008-PI087_21-X | D379: =IFERROR(VLOOKUP(Table2[[#This Row],[TAGS NEW R&D]],B:B,1,FALSE), " ")
... B589: QMS11_SCN1QM1-X | D589: =IFERROR(VLOOKUP(Table2[[#This Row],[TAGS NEW R&D]],B:B,1,FALSE), " ")

Sheet R&D tags in IDI format
A1: Geo-Location | B1: Organisation | C1: Plant | D1: Asset | E1: Asset Component | F1: Asset Sub-Component | G1: Asset Sub-Component 2 | H1: Sensor/Calculation Tag | I1: Sensor/Calculation Description | J1: Unit of Measure | K1: Sensor Attribute (TERA Cost Category) | L1: TERA COSTS? [Y/N] | M1: Comments
A2: X5P4+WW | B2: AS-00 | C2: Aschaffenburg Paper | D2: MBS | E2: Autoline | H2: QO_SCT_CD | I2: MBS SCT CD
A3: X5P4+WW | B3: AS-00 | C3: Aschaffenburg Paper | D3: MBS | E3: Autoline | H3: QO_SCT_MD | I3: MBS SCT MD
A4: X5P4+WW | B4: AS-00 | C4: Aschaffenburg Paper | D4: MBS | E4: Autoline | H4: QO_BERSTWIDERSTAND | I4: MBS Burst
A5: X5P4+WW | B5: AS-00 | C5: Aschaffenburg Paper | D5: MBS | E5: Autoline | H5: QO_CMT | I5: MBS CMT30
A6: X5P4+WW | B6: AS-00 | C6: Aschaffenburg Paper | D6: PM1 | E6: Popereel | H6: QO-REEL-WEIGHT-CUR | I6: Current reel weight | J6: Kg
A7: X5P4+WW | B7: AS-00 | C7: Aschaffenburg Paper | D7: PM1 | E7: Popereel | H7: QO-REEL-LENGTH-CUR | I7: Current reel length | J7: M
A8: X5P4+WW | B8: AS-00 | C8: Aschaffenburg Paper | D8: PM1 | E8: Popereel | H8: QMS11_MIC_MSTSCN1-X1 | I8: Actual moisture | J8: PCT
A9: X5P4+WW | B9: AS-00 | C9: Aschaffenburg Paper | D9: PM1 | E9: Popereel | H9: QLS-REEL-DRY-CUR | I9: Current reel dry average
A10: X5P4+WW | B10: AS-00 | C10: Aschaffenburg Paper | D10: PM1 | E10: Popereel | H10: PM1-BW1-RL:GFLT.SIG | I10: BSW 2 sigma
A11: X5P4+WW | B11: AS-00 | C11: Aschaffenburg Paper | D11: PM1 | E11: Popereel | H11: PM1-PM1-SP:GFLT.SIG | I11: Mois Size Press 2 sigma
A12: X5P4+WW | B12: AS-00 | C12: Aschaffenburg Paper | D12: PM1 | E12: Popereel | H12: PM1-MO1-RL:GFLT.SIG | I12: Mois 2 sigma
A13: X5P4+WW | B13: AS-00 | C13: Aschaffenburg Paper | D13: PM1 | E13: Approach Flow | F13: Polymer system | H13: 2-008-FC083.01-X | I13: Retentionsmittel Menge l/h [0..9000 l/h] | J13: l/h | M13: IN IDI is this tag 2-008-FC083_01-X
A14: X5P4+WW | B14: AS-00 | C14: Aschaffenburg Paper | D14: PM1 | E14: Approach Flow | F14: Polymer system | H14: 2-008-FIXIER-SOLL | I14: Sollwert Fixiermittelmenge [-1..50 l/h] | J14: l/h
A15: X5P4+WW | B15: AS-00 | C15: Aschaffenburg Paper | D15: PM1 | E15: Approach Flow | F15: Polymer system | H15: 2-008-FC080_02_3-X | I15: Fixiermittelmenge Trockenausschuss [0..100 l/h] | J15: l/h
A16: X5P4+WW | B16: AS-00 | C16: Aschaffenburg Paper | D16: PM1 | H16: QLS-PM1-BREAK-STATUS2 | I16: Paper break status li:PM1-OPC-DATA.F:rtup_pls (0 = false)
A17: X5P4+WW | B17: AS-00 | C17: Aschaffenburg Paper | D17: PM1 | E17: Approach Flow | F17: Polymer system | H17: 2-008-UZ080_11-PRM-X | I17: Purate Laufrückmeldung : MESSWERT [0..1 ]
A18: X5P4+WW | B18: AS-00 | C18: Aschaffenburg Paper | D18: PM1 | E18: Approach Flow | F18: Polymer system | H18: 2-008-QC041_01-X | I18: CO2-Dosierung Deculator 1 [0..60 kg/h] | J18: kg/h
A19: X5P4+WW | B19: AS-00 | C19: Aschaffenburg Paper | D19: PM1 | E19: Approach Flow | F19: Polymer system | H19: 2-008-QC041_20-X | I19: CO2-Dosierung Deculator 2 [0..60 kg/h] | J19: kg/h
A20: X5P4+WW | B20: AS-00 | C20: Aschaffenburg Paper | D20: PM1 | E20: Approach Flow | F20: Polymer system | H20: 2-008-QC031_01-X | I20: CO2-Dosierung Bio-Rückwasser [0..60 kg/h] | J20: kg/h
A21: X5P4+WW | B21: AS-00 | C21: Aschaffenburg Paper | D21: PM1 | E21: Dryer section | F21: Afterdryers | H21: QMS11_2-009-FI200.01.2-X | I21: Steam flow to AfterDryers | J21: TONNE/HR | M21: In IDI appears 2-009-FI200_01_2
A22: X5P4+WW | B22: AS-00 | C22: Aschaffenburg Paper | D22: PM1 | E22: Speedsizer | H22: STAERKE_FW | I22: Starch consumption Bottom [m³/h] | J22: m³/h
A23: X5P4+WW | B23: AS-00 | C23: Aschaffenburg Paper | D23: PM1 | E23: Speedsizer | H23: STAERKE_BW | I23: Starch consumption Top [m³/h] | J23: m³/h
A24: X5P4+WW | B24: AS-00 | C24: Aschaffenburg Paper | D24: PM1 | E24: Speedsizer | H24: 2-076-QI050_01-X | I24: Consistency starch main line | J24: %
A25: X5P4+WW | B25: AS-00 | C25: Aschaffenburg Paper | D25: PM1 | E25: Popereel | H25: QO-REEL-CURR-AVG-WEBWIDTH | I25: Aktuelle Arbeitsbreite in cm~^0 | J25: cm
A26: X5P4+WW | B26: AS-00 | C26: Aschaffenburg Paper | D26: PM1 | E26: Speedsizer | H26: 2-033-FI100-D2-X | I26: Starch Top Roll [ml/m²] | J26: ml/m²
A27: X5P4+WW | B27: AS-00 | C27: Aschaffenburg Paper | D27: PM1 | E27: Speedsizer | H27: 2-033-FI100-D1-X | I27: Starch Bottom Roll [ml/m²] | J27: ml/m²
A28: X5P4+WW | B28: AS-00 | C28: Aschaffenburg Paper | D28: PM1 | E28: Popereel | H28: QLS-REEL-MOISTURE2-CUR | I28: Current reel moisture average(SpeedSizer)
A29: X5P4+WW | B29: AS-00 | C29: Aschaffenburg Paper | D29: PM1 | E29: Starch kitchen | H29: QMS11_2-009-FI200.01.5-X | I29: Steam flow to starch kitchen | J29: t/h | M29: In IDI appears 2-009-FI200_01_5-X
A30: X5P4+WW | B30: AS-00 | C30: Aschaffenburg Paper | D30: PM1 | E30: Starch kitchen | H30: 2-076-LC011_01-X | I30: Slurry 1 level | J30: %
A31: X5P4+WW | B31: AS-00 | C31: Aschaffenburg Paper | D31: PM1 | E31: Starch kitchen | H31: 2-076-PC035_01-X | I31: Steam Pressure Inactivation | J31: bar
A32: X5P4+WW | B32: AS-00 | C32: Aschaffenburg Paper | D32: PM1 | E32: Starch kitchen | H32: 2-076-FC021_01-Y | I32: Dilution water flow slurry 2 control setting | J32: %
A33: X5P4+WW | B33: AS-00 | C33: Aschaffenburg Paper | D33: PM1 | E33: Starch kitchen | H33: 2-076-PI021_02-X | I33: Pressure cold water for slurry mixing | J33: bar
A34: X5P4+WW | B34: AS-00 | C34: Aschaffenburg Paper | D34: PM1 | E34: Starch kitchen | H34: 2-076-FC011_01-Y | I34: Dilution water flow slurry 1 control setting | J34: %
A35: X5P4+WW | B35: AS-00 | C35: Aschaffenburg Paper | D35: PM1 | E35: Starch kitchen | H35: 2-076-FC021_02-Y | I35: Revolution of Slurry 2 to reactor (control setting) | J35: %
A36: X5P4+WW | B36: AS-00 | C36: Aschaffenburg Paper | D36: PM1 | E36: Starch kitchen | H36: 2-076-FC061_02-Y | I36: Revolution of Slurry 3 to reactor (control setting) | J36: %
A37: X5P4+WW | B37: AS-00 | C37: Aschaffenburg Paper | D37: PM1 | E37: Starch kitchen | H37: 2-076-FC011_02-Y | I37: Revolution of Slurry 1 to reactor (control setting) | J37: %
A38: X5P4+WW | B38: AS-00 | C38: Aschaffenburg Paper | D38: PM1 | E38: Starch kitchen | H38: 2-076-PI040_01-X | I38: Pressure in cyclon storage tank | J38: bar
A39: X5P4+WW | B39: AS-00 | C39: Aschaffenburg Paper | D39: PM1 | E39: Dryer section | F39: Pre-Drying Group | G39: Cylinders | H39: 2-009-PD201_02-X | I39: Cylinder 2 differential pressure | J39: bar | M39: in IDI corrected Tag
A40: X5P4+WW | B40: AS-00 | C40: Aschaffenburg Paper | D40: PM1 | E40: Dryer section | F40: Pre-Drying Group | H40: 2-104-NC010-X | I40: PD1 Fabric tension
A41: X5P4+WW | B41: AS-00 | C41: Aschaffenburg Paper | D41: PM1 | E41: Dryer section | F41: Pre-Drying Group | H41: 2-204-NC010-X | I41: PD2 Fabric tension
A42: X5P4+WW | B42: AS-00 | C42: Aschaffenburg Paper | D42: PM1 | E42: Press Section | H42: 2-028-FI315_01_1-X | I42: Uhle box 1 flow [ l/min] | J42: l/min
A43: X5P4+WW | B43: AS-00 | C43: Aschaffenburg Paper | D43: PM1 | E43: Press Section | H43: 2-028-FI315_02_1-X | I43: Uhle box 2 flow [ l/min] | J43: l/min
A44: X5P4+WW | B44: AS-00 | C44: Aschaffenburg Paper | D44: PM1 | E44: Press Section | H44: GESAMT-ENTWAESSERUNG-PRESSE | I44: Total Dewatering Press | J44: l/min
A45: X5P4+WW | B45: AS-00 | C45: Aschaffenburg Paper | D45: PM1 | E45: Approach Flow | F45: Deculator | H45: 2-008-QI041.25.02-X | I45: Dissolved gas before dilution water deculator | J45: Vol%
A46: X5P4+WW | B46: AS-00 | C46: Aschaffenburg Paper | D46: PM1 | E46: Approach Flow | H46: 2-008-HC033_01-X | I46: Stock Valve Opening From Machine Chest | J46: %
A47: X5P4+WW | B47: AS-00 | C47: Aschaffenburg Paper | D47: Stock Preparation | E47: Pulper | H47: 1-000-CC001_1-X | I47: Pulper consistency | J47: % | M47: in IDI corrected tag number
A48: X5P4+WW | B48: AS-00 | C48: Aschaffenburg Paper | D48: Stock Preparation | E48: Pulper Reject | H48: 1-000-A001_35-X | I48: Contaminex 1 power | J48: %
A49: X5P4+WW | B49: AS-00 | C49: Aschaffenburg Paper | D49: Stock Preparation | E49: Pulper Reject | H49: 1-000-A001_36-X | I49: Contaminex 2 power | J49: %
A50: X5P4+WW | B50: AS-00 | C50: Aschaffenburg Paper | D50: Stock Preparation | E50: LF Screening | H50: 1-000-EI005_9_1-X | I50: LF screen 1 power | J50: A
A51: X5P4+WW | B51: AS-00 | C51: Aschaffenburg Paper | D51: Stock Preparation | E51: LF Screening | H51: 1-000-FC005_11-X | I51: LF screen 2 reject flow | J51: m³/h
A52: X5P4+WW | B52: AS-00 | C52: Aschaffenburg Paper | D52: Stock Preparation | E52: LF Screening | H52: 1-000-FC005_13-X | I52: LF screen 3 reject flow | J52: m³/h
A53: X5P4+WW | B53: AS-00 | C53: Aschaffenburg Paper | H53: QMS11_2-009-FI200.01.4-X | I53: Steam flow to heat exchangers | J53: TONNE/HR
A54: X5P4+WW | B54: AS-00 | C54: Aschaffenburg Paper | D54: PM1 | H54: QMS11_2-009-FI200.01.7-X | I54: Steam flow to hall heating | J54: t/h | M54: in IDI other tag
A55: X5P4+WW | B55: AS-00 | C55: Aschaffenburg Paper | D55: PM1 | H55: QMS11_2-009-FI210.01-X | I55: Steam flow to white water heating | J55: t/h | M55: in IDI other tag
A56: X5P4+WW | B56: AS-00 | C56: Aschaffenburg Paper | D56: PM1 | F56: Press Section | H56: QMS11_2-009-FI208.01-X | I56: Steam flow to steam box | J56: t/h | M56: in IDI other tag
A57: X5P4+WW | B57: AS-00 | C57: Aschaffenburg Paper | D57: PM1 | E57: Dryer section | H57: 2-009-PI200_01_3-X | I57: Pressure main steam line | J57: bar
A58: X5P4+WW | B58: AS-00 | C58: Aschaffenburg Paper | D58: PM1 | E58: Dryer section | H58: 2-009-TC200_02-X | I58: Steam temperature for PM | J58: °C
A59: X5P4+WW | B59: AS-00 | C59: Aschaffenburg Paper | D59: PM1 | E59: Dryer section | H59: 2-009-PC200_00-X | I59: Steam pressure for PM | J59: bar
A60: X5P4+WW | B60: AS-00 | C60: Aschaffenburg Paper | D60: PM1 | E60: Dryer section | H60: 2-009-QI209_01-X | I60: Condensate conductivity | J60: µS/cm
A61: X5P4+WW | B61: AS-00 | C61: Aschaffenburg Paper | D61: PM1 | E61: Dryer section | H61: GUD\2-009-QI209_02-X/MELD.QPV | I61: Condensate cloudidity
A62: X5P4+WW | B62: AS-00 | C62: Aschaffenburg Paper | D62: PM1 | E62: Dryer section | H62: 2-009-FI209_01-X | I62: Total condensate flow | J62: m³/h
A63: X5P4+WW | B63: AS-00 | C63: Aschaffenburg Paper | D63: Stock Preparation | E63: Water Management | H63: 2-008-FI807_01-X | I63: Freshwater warm [l/min] | J63: l/min
A64: X5P4+WW | B64: AS-00 | C64: Aschaffenburg Paper | D64: Stock Preparation | E64: Water Management | H64: 2-008-FI807_03-X | I64: Freshwater retention [l/min] | J64: l/min
A65: X5P4+WW | B65: AS-00 | C65: Aschaffenburg Paper | D65: Stock Preparation | E65: Water Management | H65: 2-008-FI807_06-X | I65: Freshwater to Machine Tank [l/min] | J65: l/min
A66: X5P4+WW | B66: AS-00 | C66: Aschaffenburg Paper | D66: Stock Preparation | E66: Water Management | H66: 2-009-PI806_01-X | I66: Freshwater pressure from the city [bar] | J66: bar

Sheet R&D Tags Missing in IDI (AB)
A1: Column1 | B1: TAGS | C1: tag corrected | D1: TAG DESC/NAME | E1: TAG DESC/NAME ENGLISH TRANSLATION/STANDARDISATION IF NEEDED | F1: UNITS | G1: ASSET | H1: Asset Component | I1: Asset Sub-Component
B2: QO_SCT_CD | D2: MBS SCT CD | E2: MBS SCT CD | G2: MBS | H2: Autoline
B3: QO_SCT_MD | D3: MBS SCT MD | E3: MBS SCT MD | G3: MBS | H3: Autoline | K3: 66 tags R&D want adding to IDI
B4: QO_BERSTWIDERSTAND | D4: MBS Burst | E4: MBS Burst | G4: MBS | H4: Autoline
B5: QO_CMT | D5: MBS CMT30 | E5: MBS CMT30 | G5: MBS | H5: Autoline
B6: QO-REEL-WEIGHT-CUR | D6: Current reel weight | E6: Current reel weight | F6: Kg | G6: PM1 | H6: Popereel
B7: QO-REEL-LENGTH-CUR | D7: Current reel length | E7: Current reel length | F7: M | G7: PM1 | H7: Popereel
B8: QMS11_MIC_MSTSCN1-X1 | D8: Actual moisture | E8: Actual moisture | F8: PCT | G8: PM1 | H8: Popereel
B9: QLS-REEL-DRY-CUR | D9: Current reel dry average | E9: Current reel dry average | G9: PM1 | H9: Popereel
B10: PM1-BW1-RL:GFLT.SIG | D10: BSW 2 sigma | E10: BSW 2 sigma | G10: PM1 | H10: Popereel
B11: PM1-PM1-SP:GFLT.SIG | D11: Mois Size Press 2 sigma | E11: Mois Size Press 2 sigma | G11: PM1 | H11: Popereel
B12: PM1-MO1-RL:GFLT.SIG | D12: Mois 2 sigma | E12: Mois 2 sigma | G12: PM1 | H12: Popereel
B13: 2-008-FC083.01-X | C13: IN IDI is this tag 2-008-FC083_01-X | D13: Retentionsmittel Menge l/h [0..9000 l/h] | E13: Retention agent quantity | F13: l/h | G13: PM1 | H13: Approach Flow | I13: Polymer system
B14: 2-008-FIXIER-SOLL | D14: Sollwert Fixiermittelmenge [-1..50 l/h] | E14: Fixative Setpoint | F14: l/h | G14: PM1 | H14: Approach Flow | I14: Polymer system
B15: 2-008-FC080_02_3-X | D15: Fixiermittelmenge Trockenausschuss [0..100 l/h] | E15: Fixative Dry Waste | F15: l/h | G15: PM1 | H15: Approach Flow | I15: Polymer system
B16: 2-033-FI200-G_M2 | D16: Starch uptake by paper Top Roll [g/m2] | E16: Starch uptake by paper Top Roll | F16: g/m² | G16: PM1 | H16: Speedsizer
B17: QLS-PM1-BREAK-STATUS2 | D17: Paper break status li:PM1-OPC-DATA.F:rtup_pls (0 = false) | E17: Paper break status | G17: PM1
B18: 2-008-UZ080_11-PRM-X | D18: Purate Laufrückmeldung : MESSWERT [0..1 ] | E18: Purate Running Feedback (Measured Value) | G18: PM1 | H18: Approach Flow | I18: Polymer system
B19: 2-008-QC041_01-X | D19: CO2-Dosierung Deculator 1 [0..60 kg/h] | E19: CO2 Dosage Deculator 1 | F19: kg/h | G19: PM1 | H19: Approach Flow | I19: Polymer system
B20: 2-008-QC041_20-X | D20: CO2-Dosierung Deculator 2 [0..60 kg/h] | E20: CO2 Dosage Deculator 2 | F20: kg/h | G20: PM1 | H20: Approach Flow | I20: Polymer system
B21: 2-008-QC031_01-X | D21: CO2-Dosierung Bio-Rückwasser [0..60 kg/h] | E21: CO2 dosage bio-backwater | F21: kg/h | G21: PM1 | H21: Approach Flow | I21: Polymer system
B22: QMS11_2-009-FI200.01.2-X | C22: In IDI appears 2-009-FI200_01_2 | D22: Steam flow to AfterDryers | E22: Steam flow to After Dryers | F22: TONNE/HR | G22: PM1 | H22: Dryer section | I22: Afterdryers
B23: STAERKE_FW | D23: Starch consumption Bottom [m³/h] | E23: Starch consumption Bottom | F23: m³/h | G23: PM1 | H23: Speedsizer
B24: STAERKE_BW | D24: Starch consumption Top [m³/h] | E24: Starch consumption Top | F24: m³/h | G24: PM1 | H24: Speedsizer
B25: 2-076-QI050_01-X | D25: Consistency starch main line | E25: Consistency starch main line | F25: % | G25: PM1 | H25: Speedsizer
B26: QO-REEL-CURR-AVG-WEBWIDTH | D26: Aktuelle Arbeitsbreite in cm~^0 | E26: Current working width | F26: cm | G26: PM1 | H26: Popereel
B27: 2-033-FI100-D2-X | D27: Starch Top Roll [ml/m²] | E27: Starch Top Roll | F27: ml/m² | G27: PM1 | H27: Speedsizer
B28: 2-033-FI100-D1-X | D28: Starch Bottom Roll [ml/m²] | E28: Starch Bottom Roll | F28: ml/m² | G28: PM1 | H28: Speedsizer
B29: QLS-REEL-MOISTURE2-CUR | D29: Current reel moisture average(SpeedSizer) | E29: Current reel moisture average (SpeedSizer) | G29: PM1 | H29: Popereel
B30: QMS11_2-009-FI200.01.5-X | C30: In IDI appears 2-009-FI200_01_5-X | D30: Steam flow to starch kitchen | E30: Steam flow to starch kitchen | F30: t/h | G30: PM1 | H30: Starch kitchen
B31: 2-076-LC011_01-X | D31: Slurry 1 level | E31: Slurry 1 level | F31: % | G31: PM1 | H31: Starch kitchen
B32: 2-076-PC035_01-X | D32: Steam Pressure Inactivation | E32: Steam Pressure Inactivation | F32: bar | G32: PM1 | H32: Starch kitchen
B33: 2-076-FC021_01-Y | D33: Dilution water flow slurry 2 control setting | E33: Dilution water flow slurry 2 control setting | F33: % | G33: PM1 | H33: Starch kitchen
B34: 2-076-PI021_02-X | D34: Pressure cold water for slurry mixing | E34: Pressure cold water for slurry mixing | F34: bar | G34: PM1 | H34: Starch kitchen
B35: 2-076-FC011_01-Y | D35: Dilution water flow slurry 1 control setting | E35: Dilution water flow slurry 1 control setting | F35: % | G35: PM1 | H35: Starch kitchen
B36: 2-076-FC021_02-Y | D36: Revolution of Slurry 2 to reactor (control setting) | E36: Revolution of Slurry 2 to reactor (control setting) | F36: % | G36: PM1 | H36: Starch kitchen
B37: 2-076-FC061_02-Y | D37: Revolution of Slurry 3 to reactor (control setting) | E37: Revolution of Slurry 3 to reactor (control setting) | F37: % | G37: PM1 | H37: Starch kitchen
B38: 2-076-FC011_02-Y | D38: Revolution of Slurry 1 to reactor (control setting) | E38: Revolution of Slurry 1 to reactor (control setting) | F38: % | G38: PM1 | H38: Starch kitchen
B39: 2-076-PI040_01-X | D39: Pressure in cyclon storage tank | E39: Pressure in cyclon storage tank | F39: bar | G39: PM1 | H39: Starch kitchen
B40: 2-009-PD201_02-X | C40: in IDI corrected Tag | D40: Cylinder 2 differential pressure | E40: Cylinder 2 differential pressure | F40: bar
B41: 2-104-NC010-X | D41: PD1 Fabric tension | E41: PD1 Fabric tension | G41: PM1 | H41: Dryer section | I41: Pre-Drying Group
B42: 2-204-NC010-X | D42: PD2 Fabric tension | E42: PD2 Fabric tension | G42: PM1 | H42: Dryer section | I42: Pre-Drying Group
B43: 2-028-FI315_01_1-X | D43: Uhle box 1 flow [ l/min] | E43: Uhle box 1 flow | F43: l/min | G43: PM1 | H43: Press Section
B44: 2-028-FI315_02_1-X | D44: Uhle box 2 flow [ l/min] | E44: Uhle box 2 flow | F44: l/min | G44: PM1 | H44: Press Section
B45: GESAMT-ENTWAESSERUNG-PRESSE | D45: Total Dewatering Press | E45: Total Dewatering Press | F45: l/min | G45: PM1 | H45: Press Section
B46: 2-008-QI041.25.02-X | D46: Dissolved gas before dilution water deculator | E46: Dissolved gas before dilution water deculator | F46: Vol% | G46: PM1 | H46: Approach Flow | I46: Deculator
B47: 2-008-HC033_01-X | D47: Stock Valve Opening From Machine Chest | E47: Stock Valve Opening From Machine Chest | F47: % | G47: PM1 | H47: Approach Flow
B48: 1-000-CC001_1-X | C48: in IDI corrected tag number | D48: Pulper consistency | E48: Pulper consistency | F48: %
B49: 1-000-A001_35-X | D49: Contaminex 1 power | E49: Contaminex 1 power | F49: % | G49: Stock Preparation | H49: Pulper Reject
B50: 1-000-A001_36-X | D50: Contaminex 2 power | E50: Contaminex 2 power | F50: % | G50: Stock Preparation | H50: Pulper Reject
B51: 1-000-EI005_9_1-X | D51: LF screen 1 power | E51: LF screen 1 power | F51: A | G51: Stock Preparation | H51: LF Screening
B52: 1-000-FC005_11-X | D52: LF screen 2 reject flow | E52: LF screen 2 reject flow | F52: m³/h | G52: Stock Preparation | H52: LF Screening
B53: 1-000-FC005_13-X | D53: LF screen 3 reject flow | E53: LF screen 3 reject flow | F53: m³/h | G53: Stock Preparation | H53: LF Screening
B54: QMS11_2-009-FI200.01.4-X | D54: Steam flow to heat exchangers | E54: Steam flow to heat exchangers | F54: TONNE/HR
B55: QMS11_2-009-FI200.01.7-X | C55: in IDI other tag | D55: Steam flow to hall heating | E55: Steam flow to hall heating | F55: t/h | G55: PM1
B56: QMS11_2-009-FI210.01-X | C56: in IDI other tag | D56: Steam flow to white water heating | E56: Steam flow to white water heating | F56: t/h | G56: PM1
B57: QMS11_2-009-FI208.01-X | C57: in IDI other tag | D57: Steam flow to steam box | E57: Steam flow to steam box | F57: t/h | G57: PM1
B58: 2-009-PI200_01_3-X | D58: Pressure main steam line | E58: Pressure main steam line | F58: bar | G58: PM1 | H58: Dryer section
B59: 2-009-TC200_02-X | D59: Steam temperature for PM | E59: Steam temperature for PM | F59: °C | G59: PM1 | H59: Dryer section
B60: 2-009-PC200_00-X | D60: Steam pressure for PM | E60: Steam pressure for PM | F60: bar | G60: PM1 | H60: Dryer section
B61: 2-009-QI209_01-X | D61: Condensate conductivity | E61: Condensate conductivity | F61: µS/cm | G61: PM1 | H61: Dryer section
B62: GUD\2-009-QI209_02-X/MELD.QPV | D62: Condensate cloudidity | E62: Condensate cloudidity | G62: PM1 | H62: Dryer section
B63: 2-009-FI209_01-X | D63: Total condensate flow | E63: Total condensate flow | F63: m³/h | G63: PM1 | H63: Dryer section
B64: 2-008-FI807_01-X | D64: Freshwater warm [l/min] | E64: Freshwater warm | F64: l/min | G64: Stock Preparation | H64: Water Management
B65: 2-008-FI807_03-X | D65: Freshwater retention [l/min] | E65: Freshwater retention | F65: l/min | G65: Stock Preparation | H65: Water Management
B66: 2-008-FI807_06-X | D66: Freshwater to Machine Tank [l/min] | E66: Freshwater to Machine Tank | F66: l/min | G66: Stock Preparation | H66: Water Management
B67: 2-009-PI806_01-X | D67: Freshwater pressure from the city [bar] | E67: Freshwater pressure from the city | F67: bar | G67: Stock Preparation | H67: Water Management

Sheet IDI tags corrected
A2: Geo-Location | B2: Organisation | C2: Plant | D2: Asset | E2: Asset Component | F2: Asset Sub-Component | G2: Asset Sub-Component 2 | H2: Sensor/Calculation Tag in IDI | I2: Correct Naming of Tag! | J2: Sensor/Calculation Description | K2: Unit of Measure | L2: Sensor Attribute (TERA Cost Category) | M2: TERA COSTS? [Y/N]
A3: X5P4+WW | B3: AS-00 | C3: Aschaffenburg Paper | D3: Stock Preparation | E3: Pulper | H3: 1-000-CC001_30-X | I3: 1-000-CC001_1-X | J3: Pulper consistency | K3: %
A4: X5P4+WW | B4: AS-00 | C4: Aschaffenburg Paper | D4: PM1 | E4: Dryer section | F4: Pre-Drying Group | G4: Cylinders | H4: 2-009-PC201_02-X | I4: 2-009-PD201_02-X | J4: Cylinder 2 differential pressure | K4: bar
A5: X5P4+WW | B5: AS-00 | C5: Aschaffenburg Paper | D5: PM1 | F5: Press Section | G5: Steambox | H5: FI092.01 | I5: 2-009-FI208.01-X | J5: Steam to steambox | K5: t/h | L5: Thermal | M5: Y
A6: X5P4+WW | B6: AS-00 | C6: Aschaffenburg Paper | D6: PM1 | H6: 2-009-FI200_01_7 | I6: 2-009-FI200_01_7-X | J6: Steam to machine hall heating | K6: t/h | L6: Thermal | M6: Y
D9: ** Updated in "KM, AB, ZN, WH IDI - UPDATED" see them in yellow on this document!

Sheet Sheet5

Sheet Sheet4
C3: QO-REEL-ID-CUR-CALC
C4: GRADE_NAME
C5: QO_SCT_CD
C6: QO_SCT_MD
C7: QO_BERSTWIDERSTAND
C8: QO_CMT
C9: 2-008-P041_10-XI
C10: PM1_ABRISS-ERKENNUNG
C11: 2-008-VPOPE-AR0
C12: QO-REEL-WEIGHT-CUR
C13: QLS-REEL-WIDTH-CUR
C14: QO-REEL-LENGTH-CUR
... C368: 2-009-PI806_01-X
